Player,Nation,Pos,Squad,Age,Born,MatchesPlayed,Gls,Ast,xG,xAG,Shots,SoT,PassCmp,PassAtt,PassCmpPct,Tkl,TklW,Blocks,Int,GK_GA,GK_GA90,GK_SoTA,GK_Saves,GK_SavePct,GK_CS,GK_CSPct,GK_PKAtt,GK_PKA,GK_PKsv,GK_PKm,GK_PSxG,GK_PSxG_per_SoT,GK_PSxG_PlusMinus,GK_PSxG_PlusMinus_per90,GK_PassCmp,GK_PassAtt,GK_PassCmpPct,GK_GKPassAtt,GK_Throws,GK_LaunchPct,GK_AvgLen,GK_CrossesStp,GK_CrossesStpPct,GK_OPA,GK_OPA90,GK_OPA_AvgDist,IsGK,AgeYears,player_norm,player_fl,club_norm,dob_fb,birth_year_fb,market_value_eur,player_id,dob,age,join_method
abdelkahar kadri,dz ALG,"MF,DF",Gent,0.0,2000,6.1,1,2,0.3,0.6,8,2,315,359,87.74,15,10,5,5,,,,,,,,,,,,,,,,,,,,,,,,,,,,False,0.0,abdelkahar kadri,abdelkahar kadri,gent,2000,2000,2200000,592400,2000-06-24,25,first+last+birth_year
abdoul karim traore,gn GUI,FW,OH Leuven,0.0,2007,5.8,0,0,1.9,0.3,18,4,51,79,64.56,6,5,2,2,,,,,,,,,,,,,,,,,,,,,,,,,,,,False,0.0,abdoul karim traore,abdoul traore,oh leuven,2007,2007,700000,1284784,2007-01-12,18,first+last+birth_year
abdoulaye sissako,fr FRA,MF,Sint-Truiden,0.0,1998,9.9,0,1,0.7,0.2,12,1,365,447,81.66,27,17,15,11,,,,,,,,,,,,,,,,,,,,,,,,,,,,False,0.0,abdoulaye sissako,abdoulaye sissako,sint truiden,1998,1998,700000,418661,1998-05-26,27,first+last+birth_year
abdoulaye traore,ci CIV,FW,Zulte Waregem,0.0,2003,1.6,0,0,1.0,0.1,9,3,33,50,66.0,4,2,0,2,,,,,,,,,,,,,,,,,,,,,,,,,,,,False,0.0,abdoulaye traore,abdoulaye traore,zulte waregem,2003,2003,400000,1063856,2003-06-28,22,key+birth_year
adem zorgane,dz ALG,MF,Union SG,0.0,2000,9.7,1,2,1.0,2.4,10,3,401,493,81.34,16,10,11,9,,,,,,,,,,,,,,,,,,,,,,,,,,,,False,0.0,adem zorgane,adem zorgane,union sg,2000,2000,6000000,592403,2000-01-06,25,first+last+birth_year
adnane abid,be BEL,FW,Standard Liège,0.0,2003,5.7,1,1,0.3,0.8,6,3,140,196,71.43,6,5,7,1,,,,,,,,,,,,,,,,,,,,,,,,,,,,False,0.0,adnane abid,adnane abid,standard liege,2003,2003,1200000,583899,2003-08-23,22,first+last+birth_year
adrian palacios,ve VEN,"MF,FW",Genk,0.0,2004,0.0,0,0,0.2,0.0,1,0,2,3,66.67,0,0,0,0,,,,,,,,,,,,,,,,,,,,,,,,,,,,False,0.0,adrian palacios,adrian palacios,genk,2004,2004,750000,1041316,2004-06-07,21,first+last+birth_year
adriano bertaccini,be BEL,FW,Anderlecht,0.0,2000,2.0,1,0,1.4,0.2,6,3,23,35,65.71,4,3,1,1,,,,,,,,,,,,,,,,,,,,,,,,,,,,False,0.0,adriano bertaccini,adriano bertaccini,anderlecht,2000,2000,4500000,364896,2000-08-13,25,first+last+birth_year
aiham ousou,sy SYR,DF,Charleroi,0.0,2000,9.7,1,0,0.4,0.1,4,1,421,491,85.74,11,6,12,11,,,,,,,,,,,,,,,,,,,,,,,,,,,,False,0.0,aiham ousou,aiham ousou,charleroi,2000,2000,2500000,585068,2000-01-09,25,first+last+birth_year
aime omgba,nl NED,"FW,MF",Gent,0.0,2002,1.0,0,0,0.2,0.3,2,1,37,43,86.05,1,1,1,0,,,,,,,,,,,,,,,,,,,,,,,,,,,,False,0.0,aime omgba,aime omgba,gent,2002,2002,1400000,568373,2002-10-22,23,first+last+birth_year
alama bayo,gn GUI,FW,Cercle Brugge,0.0,2006,0.2,0,0,0.0,0.0,0,0,5,11,45.45,0,0,0,0,,,,,,,,,,,,,,,,,,,,,,,,,,,,False,0.0,alama bayo,alama bayo,cercle brugge,2006,2006,200000,1123952,2006-02-02,19,first+last+birth_year
alan minda,ec ECU,FW,Cercle Brugge,0.0,2003,6.7,3,0,2.3,0.2,21,10,111,140,79.29,0,0,2,4,,,,,,,,,,,,,,,,,,,,,,,,,,,,False,0.0,alan minda,alan minda,cercle brugge,2003,2003,3000000,897051,2003-05-14,22,first+last+birth_year
aleksandar stankovic,rs SRB,MF,Club Brugge,0.0,2005,8.7,0,0,0.7,0.9,15,5,426,488,87.3,8,5,10,9,,,,,,,,,,,,,,,,,,,,,,,,,,,,False,0.0,aleksandar stankovic,aleksandar stankovic,club brugge,2005,2005,13000000,780136,2005-08-03,20,first+last+birth_year
alessio castro-montes,be BEL,DF,Union SG,0.0,1997,1.6,0,0,0.4,0.0,1,0,46,64,71.88,4,1,2,2,,,,,,,,,,,,,,,,,,,,,,,,,,,,False,0.0,alessio castro montes,alessio montes,union sg,1997,1997,,,nan,,
alexandro calut,be BEL,DF,Standard Liège,0.0,2003,3.8,0,0,0.0,0.0,0,0,139,176,78.98,7,4,3,3,,,,,,,,,,,,,,,,,,,,,,,,,,,,False,0.0,alexandro calut,alexandro calut,standard liege,2003,2003,700000,565428,2003-04-22,22,first+last+birth_year
ali maamar,ma MAR,"DF,MF",Anderlecht,0.0,2005,4.0,0,0,0.1,0.2,3,0,163,210,77.62,5,3,5,4,,,,,,,,,,,,,,,,,,,,,,,,,,,,False,0.0,ali maamar,ali maamar,anderlecht,2005,2005,2000000,920585,2005-03-23,20,first+last+birth_year
allahyar sayyadmanesh,ir IRN,FW,Westerlo,0.0,2001,4.0,0,1,0.2,0.5,4,1,83,121,68.6,5,2,11,3,,,,,,,,,,,,,,,,,,,,,,,,,,,,False,0.0,allahyar sayyadmanesh,allahyar sayyadmanesh,westerlo,2001,2001,3000000,480975,2001-06-29,24,first+last+birth_year
alouis diriken,be BEL,MF,Sint-Truiden,0.0,2004,0.5,0,0,0.0,0.0,2,1,27,30,90.0,2,1,0,0,,,,,,,,,,,,,,,,,,,,,,,,,,,,False,0.0,alouis diriken,alouis diriken,sint truiden,2004,2004,250000,751989,2004-04-01,21,first+last+birth_year
amando lapage,be BEL,DF,Westerlo,0.0,2004,0.5,0,0,0.0,0.0,0,0,31,32,96.88,0,0,0,0,,,,,,,,,,,,,,,,,,,,,,,,,,,,False,0.0,amando lapage,amando lapage,westerlo,2004,2004,600000,1029619,2004-11-08,20,first+last+birth_year
amine boukamir,ma MAR,MF,Charleroi,0.0,2006,1.5,0,0,0.0,0.0,0,0,54,61,88.52,6,3,2,1,,,,,,,,,,,,,,,,,,,,,,,,,,,,False,0.0,amine boukamir,amine boukamir,charleroi,2006,2006,300000,961051,2006-10-23,18,first+last+birth_year
anan khalaili,il ISR,DF,Union SG,0.0,2004,8.6,1,0,1.3,1.4,7,3,338,445,75.96,17,12,13,11,,,,,,,,,,,,,,,,,,,,,,,,,,,,False,0.0,anan khalaili,anan khalaili,union sg,2004,2004,10000000,945021,2004-09-03,21,first+last+birth_year
andreas jungdal,dk DEN,GK,Westerlo,0.0,2002,11.0,0,0,0.0,0.1,0,0,242,365,66.3,0,0,1,0,20.0,1.82,49.0,29.0,59.2,4.0,36.4,1.0,0.0,1.0,0.0,17.6,0.35,-1.4,-0.13,64.0,177.0,36.2,331.0,37.0,45.0,39.5,8.0,5.2,19.0,1.73,14.6,True,0.0,andreas jungdal,andreas jungdal,westerlo,2002,2002,1500000,592924,2002-02-22,23,first+last+birth_year
andreas verstraeten,be BEL,"DF,MF",Antwerp,0.0,2006,5.9,0,1,0.0,0.5,0,0,220,283,77.74,14,10,8,10,,,,,,,,,,,,,,,,,,,,,,,,,,,,False,0.0,andreas verstraeten,andreas verstraeten,antwerp,2006,2006,800000,1124880,2006-01-10,19,first+last+birth_year
andres ferrari,uy URU,FW,Sint-Truiden,0.0,2003,8.0,2,1,3.8,1.0,25,4,66,88,75.0,12,7,13,6,,,,,,,,,,,,,,,,,,,,,,,,,,,,False,0.0,andres ferrari,andres ferrari,sint truiden,2003,2003,2500000,973805,2003-01-03,22,first+last+birth_year
andri gujohnsen,is ISL,FW,Gent,0.0,2002,0.1,0,0,0.0,0.0,0,0,1,3,33.33,0,0,0,0,,,,,,,,,,,,,,,,,,,,,,,,,,,,False,0.0,andri gujohnsen,andri gujohnsen,gent,2002,2002,,,nan,,
anosike ementa,dk DEN,FW,Zulte Waregem,0.0,2002,5.3,0,2,1.2,1.5,11,4,90,161,55.9,4,3,2,1,,,,,,,,,,,,,,,,,,,,,,,,,,,,False,0.0,anosike ementa,anosike ementa,zulte waregem,2002,2002,1000000,543311,2002-05-03,23,key+birth_year
anouar ait el hadj,be BEL,"MF,FW",Union SG,0.0,2002,8.4,0,1,1.1,1.4,11,4,267,325,82.15,5,3,8,2,,,,,,,,,,,,,,,,,,,,,,,,,,,,False,0.0,anouar ait el hadj,anouar hadj,union sg,2002,2002,4000000,486039,2002-04-20,23,first+last+birth_year
anthony descotte,be BEL,FW,Charleroi,0.0,2003,1.0,0,0,0.0,0.0,0,0,7,12,58.33,0,0,0,0,,,,,,,,,,,,,,,,,,,,,,,,,,,,False,0.0,anthony descotte,anthony descotte,charleroi,2003,2003,,,nan,,
anthony valencia,ec ECU,"DF,MF",Antwerp,0.0,2003,0.3,0,0,0.0,0.7,0,0,29,36,80.56,0,0,0,0,,,,,,,,,,,,,,,,,,,,,,,,,,,,False,0.0,anthony valencia,anthony valencia,antwerp,2003,2003,1200000,974374,2003-07-21,22,first+last+birth_year
antoine bernier,be BEL,FW,Charleroi,0.0,1997,6.2,2,0,0.3,0.3,6,2,117,157,74.52,11,5,3,5,,,,,,,,,,,,,,,,,,,,,,,,,,,,False,0.0,antoine bernier,antoine bernier,charleroi,1997,1997,1500000,340343,1997-09-10,28,first+last+birth_year
antoine colassin,be BEL,"MF,FW",Charleroi,0.0,2001,1.6,0,0,0.5,0.1,4,1,23,31,74.19,2,1,1,2,,,,,,,,,,,,,,,,,,,,,,,,,,,,False,0.0,antoine colassin,antoine colassin,charleroi,2001,2001,750000,440953,2001-02-26,24,first+last+birth_year
anton tanghe,be BEL,DF,Zulte Waregem,0.0,1999,11.0,1,0,0.8,0.5,1,0,450,514,87.55,11,8,18,4,,,,,,,,,,,,,,,,,,,,,,,,,,,,False,0.0,anton tanghe,anton tanghe,zulte waregem,1999,1999,700000,460848,1999-01-28,26,key+birth_year
antonio cordero,es ESP,"FW,MF",Westerlo,0.0,2006,0.9,0,0,0.4,0.2,3,1,20,31,64.52,2,1,2,1,,,,,,,,,,,,,,,,,,,,,,,,,,,,False,0.0,antonio cordero,antonio cordero,westerlo,2006,2006,2000000,1178393,2006-11-14,18,fuzzy_global(96.7741935483871)
arbnor muja,al ALB,"MF,FW",Sint-Truiden,0.0,1998,2.7,1,0,1.0,0.3,2,1,95,126,75.4,4,3,1,1,,,,,,,,,,,,,,,,,,,,,,,,,,,,False,0.0,arbnor muja,arbnor muja,sint truiden,1998,1998,3000000,606967,1998-11-29,26,first+last+birth_year
arthur piedfort,be BEL,"MF,DF",Westerlo,0.0,2005,6.8,1,0,0.2,0.3,4,1,235,273,86.08,16,7,9,10,,,,,,,,,,,,,,,,,,,,,,,,,,,,False,0.0,arthur piedfort,arthur piedfort,westerlo,2005,2005,2000000,775981,2005-02-01,20,first+last+birth_year
atsuki ito,jp JPN,MF,Gent,0.0,1998,10.8,3,1,2.6,0.9,20,9,381,462,82.47,16,8,13,8,,,,,,,,,,,,,,,,,,,,,,,,,,,,False,0.0,atsuki ito,atsuki ito,gent,1998,1998,4000000,492715,1998-08-11,27,first+last+birth_year
aurelien scheidler,fr FRA,FW,Charleroi,0.0,1998,6.8,2,1,1.7,0.6,10,4,101,171,59.06,1,1,1,2,,,,,,,,,,,,,,,,,,,,,,,,,,,,False,0.0,aurelien scheidler,aurelien scheidler,charleroi,1998,1998,1800000,497175,1998-06-04,27,first+last+birth_year
basile vroninks,be BEL,DF,Anderlecht,0.0,2006,0.5,0,0,0.0,0.1,0,0,15,20,75.0,1,1,0,1,,,,,,,,,,,,,,,,,,,,,,,,,,,,False,0.0,basile vroninks,basile vroninks,anderlecht,2006,2006,,,nan,,
benito raman,be BEL,FW,Mechelen,0.0,1994,3.7,1,2,2.1,1.0,10,4,46,71,64.79,6,3,1,0,,,,,,,,,,,,,,,,,,,,,,,,,,,,False,0.0,benito raman,benito raman,mechelen,1994,1994,2000000,112930,1994-11-07,30,first+last+birth_year
benjamin fredrick,ng NGA,"DF,FW",Dender,0.0,2005,6.6,0,0,0.4,0.7,5,1,233,295,78.98,18,10,6,9,,,,,,,,,,,,,,,,,,,,,,,,,,,,False,0.0,benjamin fredrick,benjamin fredrick,dender,2005,2005,400000,1071138,2005-05-28,20,first+last+birth_year
benoit nyssen,be BEL,DF,Zulte Waregem,0.0,1997,3.5,1,0,0.1,0.3,4,2,152,194,78.35,8,2,4,6,,,,,,,,,,,,,,,,,,,,,,,,,,,,False,0.0,benoit nyssen,benoit nyssen,zulte waregem,1997,1997,600000,286007,1997-09-12,28,key+birth_year
bilal bafdili,be BEL,MF,Mechelen,0.0,2004,7.0,1,2,1.3,1.4,10,4,160,225,71.11,4,2,9,6,,,,,,,,,,,,,,,,,,,,,,,,,,,,False,0.0,bilal bafdili,bilal bafdili,mechelen,2004,2004,2000000,1063263,2004-08-03,21,first+last+birth_year
bill antonio,zw ZIM,"DF,FW",Mechelen,0.0,2002,2.1,0,0,0.1,0.3,4,0,39,63,61.9,2,1,3,1,,,,,,,,,,,,,,,,,,,,,,,,,,,,False,0.0,bill antonio,bill antonio,mechelen,2002,2002,1200000,956050,2002-09-03,23,first+last+birth_year
birger verstraete,be BEL,MF,OH Leuven,0.0,1994,4.4,0,0,0.0,0.1,0,0,118,138,85.51,7,5,3,5,,,,,,,,,,,,,,,,,,,,,,,,,,,,False,0.0,birger verstraete,birger verstraete,oh leuven,1994,1994,1800000,234193,1994-04-16,31,first+last+birth_year
bjorn meijer,nl NED,DF,Club Brugge,0.0,2003,7.3,0,0,0.4,1.0,6,0,336,424,79.25,9,6,7,8,,,,,,,,,,,,,,,,,,,,,,,,,,,,False,0.0,bjorn meijer,bjorn meijer,club brugge,2003,2003,4000000,594227,2003-03-18,22,first+last+birth_year
boli bolingoli-mbombo,be BEL,DF,Standard Liège,0.0,1995,1.0,0,0,0.0,0.0,0,0,36,44,81.82,2,2,1,3,,,,,,,,,,,,,,,,,,,,,,,,,,,,False,0.0,boli bolingoli mbombo,boli mbombo,standard liege,1995,1995,500000,168156,1995-07-01,30,fuzzy_global(100.0)
boubakar kouyate,ml MLI,DF,Antwerp,0.0,1997,1.5,0,0,0.3,0.0,2,0,30,41,73.17,4,0,1,2,,,,,,,,,,,,,,,,,,,,,,,,,,,,False,0.0,boubakar kouyate,boubakar kouyate,antwerp,1997,1997,,,nan,,
brandon mechele,be BEL,DF,Club Brugge,0.0,1993,10.7,2,2,1.1,0.8,9,5,814,884,92.08,20,14,20,11,,,,,,,,,,,,,,,,,,,,,,,,,,,,False,0.0,brandon mechele,brandon mechele,club brugge,1993,1993,3500000,236168,1993-01-28,32,first+last+birth_year
brent gabriel,be BEL,GK,Zulte Waregem,0.0,1999,11.0,0,0,0.0,0.0,0,0,268,373,71.85,0,0,0,1,14.0,1.27,44.0,31.0,70.5,3.0,27.3,1.0,1.0,0.0,0.0,16.3,0.37,3.3,0.3,80.0,178.0,44.9,301.0,40.0,40.9,34.9,14.0,6.3,16.0,1.45,15.3,True,0.0,brent gabriel,brent gabriel,zulte waregem,1999,1999,400000,338665,1999-01-27,26,key+birth_year
bruny nsimba,be BEL,FW,Dender,0.0,2000,6.3,2,0,2.1,0.8,13,6,67,116,57.76,9,3,5,2,,,,,,,,,,,,,,,,,,,,,,,,,,,,False,0.0,bruny nsimba,bruny nsimba,dender,2000,2000,1800000,452584,2000-04-05,25,first+last+birth_year
bryan goncalves,fr FRA,DF,Dender,0.0,1996,1.7,0,0,0.0,0.8,0,0,83,120,69.17,1,0,1,3,,,,,,,,,,,,,,,,,,,,,,,,,,,,False,0.0,bryan goncalves,bryan goncalves,dender,1996,1996,600000,340487,1996-07-19,29,first+last+birth_year
bryan heynen,be BEL,MF,Genk,0.0,1997,11.0,1,0,1.1,0.9,14,2,810,921,87.95,31,20,20,13,,,,,,,,,,,,,,,,,,,,,,,,,,,,False,0.0,bryan heynen,bryan heynen,genk,1997,1997,11000000,356081,1997-02-06,28,first+last+birth_year
bryan reynolds,us USA,DF,Westerlo,0.0,2001,10.8,0,1,0.5,2.4,5,3,332,442,75.11,16,11,7,11,,,,,,,,,,,,,,,,,,,,,,,,,,,,False,0.0,bryan reynolds,bryan reynolds,westerlo,2001,2001,3500000,475208,2001-06-28,24,first+last+birth_year
carlos forbs,pt POR,FW,Club Brugge,0.0,2004,6.6,2,2,1.3,1.3,12,4,221,293,75.43,6,3,4,4,,,,,,,,,,,,,,,,,,,,,,,,,,,,False,0.0,carlos forbs,carlos forbs,club brugge,2004,2004,10000000,742451,2004-03-19,21,first+last+birth_year
casper nielsen,dk DEN,MF,Standard Liège,0.0,1994,6.9,1,0,0.5,0.2,8,3,129,230,56.09,15,9,12,2,,,,,,,,,,,,,,,,,,,,,,,,,,,,False,0.0,casper nielsen,casper nielsen,standard liege,1994,1994,2000000,148365,1994-04-29,31,first+last+birth_year
casper terho,fi FIN,"MF,FW",OH Leuven,0.0,2003,5.3,0,0,1.5,0.7,14,5,63,118,53.39,10,6,6,3,,,,,,,,,,,,,,,,,,,,,,,,,,,,False,0.0,casper terho,casper terho,oh leuven,2003,2003,1800000,679597,2003-06-24,22,first+last+birth_year
cesar huerta,mx MEX,"FW,MF",Anderlecht,0.0,2000,4.3,1,0,1.5,0.4,13,5,137,177,77.4,7,6,4,3,,,,,,,,,,,,,,,,,,,,,,,,,,,,False,0.0,cesar huerta,cesar huerta,anderlecht,2000,2000,6000000,540315,2000-12-03,24,first+last+birth_year
charles vanhoutte,be BEL,MF,Union SG,0.0,1998,5.0,0,1,0.4,1.3,2,1,262,337,77.74,18,12,3,4,,,,,,,,,,,,,,,,,,,,,,,,,,,,False,0.0,charles vanhoutte,charles vanhoutte,union sg,1998,1998,,,nan,,
check keita,fr FRA,DF,Charleroi,0.0,2003,10.0,0,0,1.0,0.1,7,2,323,372,86.83,9,9,11,8,,,,,,,,,,,,,,,,,,,,,,,,,,,,False,0.0,check keita,check keita,charleroi,2003,2003,2000000,820146,2003-04-02,22,first+last+birth_year
christiaan ravych,be BEL,DF,Cercle Brugge,0.0,2002,11.0,0,0,1.1,0.6,3,1,367,430,85.35,25,17,16,15,,,,,,,,,,,,,,,,,,,,,,,,,,,,False,0.0,christiaan ravych,christiaan ravych,cercle brugge,2002,2002,4500000,579089,2002-07-30,23,first+last+birth_year
christian burgess,eng ENG,DF,Union SG,0.0,1991,9.0,0,3,0.3,0.7,6,1,467,542,86.16,15,5,10,15,,,,,,,,,,,,,,,,,,,,,,,,,,,,False,0.0,christian burgess,christian burgess,union sg,1991,1991,2200000,244221,1991-10-07,34,first+last+birth_year
christopher scott,de GER,"FW,DF",Antwerp,0.0,2002,1.8,0,0,0.2,0.3,4,1,45,66,68.18,5,1,3,2,,,,,,,,,,,,,,,,,,,,,,,,,,,,False,0.0,christopher scott,christopher scott,antwerp,2002,2002,500000,503162,2002-06-07,23,first+last+birth_year
christos tzolis,gr GRE,"FW,MF",Club Brugge,0.0,2002,10.5,4,3,5.4,4.0,42,12,343,504,68.06,4,3,6,3,,,,,,,,,,,,,,,,,,,,,,,,,,,,False,0.0,christos tzolis,christos tzolis,club brugge,2002,2002,30000000,451677,2002-01-30,23,first+last+birth_year
chukwubuikem ikwuemesi,ng NGA,FW,OH Leuven,0.0,2001,2.9,0,0,0.4,0.1,8,3,23,31,74.19,2,1,1,0,,,,,,,,,,,,,,,,,,,,,,,,,,,,False,0.0,chukwubuikem ikwuemesi,chukwubuikem ikwuemesi,oh leuven,2001,2001,2000000,929494,2001-08-05,24,first+last+birth_year
cisse sandra,be BEL,"FW,MF",Club Brugge,0.0,2003,3.4,0,0,0.3,0.4,7,1,91,110,82.73,3,2,4,3,,,,,,,,,,,,,,,,,,,,,,,,,,,,False,0.0,cisse sandra,cisse sandra,club brugge,2003,2003,1000000,632088,2003-12-16,21,first+last+birth_year
colin coosemans,be BEL,GK,Anderlecht,0.0,1992,11.0,0,0,0.0,0.0,0,0,268,365,73.42,0,0,0,0,11.0,1.0,37.0,26.0,73.0,5.0,45.5,1.0,1.0,0.0,0.0,13.6,0.34,2.6,0.24,55.0,143.0,38.5,330.0,43.0,37.6,35.8,10.0,6.5,12.0,1.09,14.0,True,0.0,colin coosemans,colin coosemans,anderlecht,1992,1992,1500000,154351,1992-08-03,33,first+last+birth_year
cristian makate,gq EQG,FW,Union SG,0.0,2002,0.5,0,0,0.1,0.1,2,2,10,11,90.91,0,0,0,0,,,,,,,,,,,,,,,,,,,,,,,,,,,,False,0.0,cristian makate,cristian makate,union sg,2002,2002,150000,707546,2002-09-21,23,first+last+birth_year
daam foulon,be BEL,"DF,FW",Antwerp,0.0,1999,8.2,0,2,0.2,1.1,2,0,277,373,74.26,12,5,7,11,,,,,,,,,,,,,,,,,,,,,,,,,,,,False,0.0,daam foulon,daam foulon,antwerp,1999,1999,2500000,338637,1999-03-23,26,first+last+birth_year
daan dierckx,be BEL,DF,Standard Liège,0.0,2003,7.5,0,0,0.2,0.0,3,1,291,337,86.35,9,5,16,6,,,,,,,,,,,,,,,,,,,,,,,,,,,,False,0.0,daan dierckx,daan dierckx,standard liege,2003,2003,1300000,621965,2003-02-24,22,first+last+birth_year
daan heymans,be BEL,MF,Genk,0.0,1999,0.4,0,0,0.0,0.0,0,0,30,39,76.92,0,0,0,0,,,,,,,,,,,,,,,,,,,,,,,,,,,,False,0.0,daan heymans,daan heymans,genk,1999,1999,3000000,446491,1999-06-15,26,first+last+birth_year
dalangunypole gomis,fr FRA,DF,Cercle Brugge,0.0,2004,0.8,0,0,0.0,0.0,1,0,50,57,87.72,1,0,0,1,,,,,,,,,,,,,,,,,,,,,,,,,,,,False,0.0,dalangunypole gomis,dalangunypole gomis,cercle brugge,2004,2004,200000,974995,2004-06-28,21,first+last+birth_year
dante vanzeir,be BEL,"MF,FW",Gent,0.0,1998,1.5,0,0,0.1,0.1,1,0,20,34,58.82,0,0,1,0,,,,,,,,,,,,,,,,,,,,,,,,,,,,False,0.0,dante vanzeir,dante vanzeir,gent,1998,1998,3000000,289648,1998-04-16,27,first+last+birth_year
dario fuentes,es ESP,"MF,DF",La Louvière,0.0,2003,1.9,0,0,0.2,0.1,1,0,31,54,57.41,7,5,1,4,,,,,,,,,,,,,,,,,,,,,,,,,,,,False,0.0,dario fuentes,dario fuentes,la louviere,2003,2003,,,nan,,
david hrncar,sk SVK,"FW,DF",Dender,0.0,1997,3.8,0,0,0.6,0.4,4,2,92,136,67.65,7,4,0,3,,,,,,,,,,,,,,,,,,,,,,,,,,,,False,0.0,david hrncar,david hrncar,dender,1997,1997,1000000,471621,1997-12-10,27,first+last+birth_year
david toshevski,mk MKD,FW,Dender,0.0,2001,0.3,0,0,0.1,0.0,1,1,2,7,28.57,1,1,0,0,,,,,,,,,,,,,,,,,,,,,,,,,,,,False,0.0,david toshevski,david toshevski,dender,2001,2001,500000,542338,2001-07-16,24,first+last+birth_year
davis opoku,be BEL,DF,OH Leuven,0.0,2007,0.8,0,0,0.1,0.0,2,0,9,18,50.0,2,2,1,0,,,,,,,,,,,,,,,,,,,,,,,,,,,,False,0.0,davis opoku,davis opoku,oh leuven,2007,2007,,,nan,,
davy roef,be BEL,GK,Gent,0.0,1994,11.0,0,0,0.0,0.0,0,0,277,381,72.7,1,1,0,0,17.0,1.55,64.0,49.0,75.0,2.0,18.2,1.0,1.0,0.0,0.0,17.3,0.27,2.3,0.21,43.0,133.0,32.3,316.0,70.0,32.0,31.7,8.0,4.6,11.0,1.0,14.2,True,0.0,davy roef,davy roef,gent,1994,1994,2500000,140808,1994-02-06,31,first+last+birth_year
dennis eckert,de GER,MF,Standard Liège,0.0,1997,5.6,1,0,1.4,0.2,10,3,86,122,70.49,7,4,4,2,,,,,,,,,,,,,,,,,,,,,,,,,,,,False,0.0,dennis eckert,dennis eckert,standard liege,1997,1997,2500000,249303,1997-01-09,28,fuzzy_global(100.0)
dennis praet,be BEL,MF,Antwerp,0.0,1994,6.5,0,0,0.2,0.2,4,1,205,273,75.09,10,4,9,18,,,,,,,,,,,,,,,,,,,,,,,,,,,,False,0.0,dennis praet,dennis praet,antwerp,1994,1994,2500000,129588,1994-05-14,31,first+last+birth_year
desmond acquah,be BEL,MF,Dender,0.0,2002,0.2,0,0,0.0,0.0,1,0,6,10,60.0,0,0,0,0,,,,,,,,,,,,,,,,,,,,,,,,,,,,False,0.0,desmond acquah,desmond acquah,dender,2002,2002,300000,707803,2002-07-23,23,first+last+birth_year
dikeni-rafid salifou,tg TOG,MF,Mechelen,0.0,2003,0.6,0,0,0.0,0.0,0,0,20,22,90.91,3,0,1,0,,,,,,,,,,,,,,,,,,,,,,,,,,,,False,0.0,dikeni rafid salifou,dikeni salifou,mechelen,2003,2003,400000,664973,2003-06-08,22,first+last+birth_year
dire mebude,sct SCO,"FW,MF",Westerlo,0.0,2004,2.2,1,0,1.4,0.1,6,1,41,53,77.36,7,6,1,0,,,,,,,,,,,,,,,,,,,,,,,,,,,,False,0.0,dire mebude,dire mebude,westerlo,2004,2004,,,nan,,
djibril lamego,fr FRA,DF,La Louvière,0.0,2003,11.0,0,0,0.0,0.0,2,0,266,358,74.3,11,8,12,25,,,,,,,,,,,,,,,,,,,,,,,,,,,,False,0.0,djibril lamego,djibril lamego,la louviere,2003,2003,800000,947363,2003-02-25,22,first+last+birth_year
dogucan haspolat,tr TUR,MF,Westerlo,0.0,2000,11.0,0,1,0.7,1.1,15,3,384,532,72.18,34,20,12,17,,,,,,,,,,,,,,,,,,,,,,,,,,,,False,0.0,dogucan haspolat,dogucan haspolat,westerlo,2000,2000,5000000,387143,2000-02-11,25,first+last+birth_year
edan diop,fr FRA,MF,Cercle Brugge,0.0,2004,9.5,2,1,3.4,1.5,18,6,273,365,74.79,12,9,20,5,,,,,,,,,,,,,,,,,,,,,,,,,,,,False,0.0,edan diop,edan diop,cercle brugge,2004,2004,1500000,745178,2004-08-28,21,first+last+birth_year
edgaras utkus,lt LTU,DF,Cercle Brugge,0.0,2000,6.5,2,0,0.6,0.0,6,3,206,279,73.84,11,6,12,6,,,,,,,,,,,,,,,,,,,,,,,,,,,,False,0.0,edgaras utkus,edgaras utkus,cercle brugge,2000,2000,1800000,379315,2000-06-22,25,first+last+birth_year
eliot bujupi,xk KVX,FW,Westerlo,0.0,2006,0.0,0,0,0.0,0.0,0,0,2,2,100.0,0,0,0,0,,,,,,,,,,,,,,,,,,,,,,,,,,,,False,0.0,eliot bujupi,eliot bujupi,westerlo,2006,2006,500000,907483,2006-07-03,19,first+last+birth_year
emin bayram,tr TUR,DF,Westerlo,0.0,2003,11.0,2,2,0.6,1.0,8,2,499,604,82.62,16,8,21,19,,,,,,,,,,,,,,,,,,,,,,,,,,,,False,0.0,emin bayram,emin bayram,westerlo,2003,2003,3500000,655902,2003-04-02,22,first+last+birth_year
emmanuel kakou,ci CIV,DF,Cercle Brugge,0.0,2005,4.2,0,0,0.1,0.1,3,1,155,187,82.89,7,5,8,10,,,,,,,,,,,,,,,,,,,,,,,,,,,,False,0.0,emmanuel kakou,emmanuel kakou,cercle brugge,2005,2005,1000000,1233680,2005-06-30,20,first+last+birth_year
emran soglo,fr FRA,DF,Zulte Waregem,0.0,2005,0.3,0,0,0.0,0.1,0,0,12,15,80.0,3,2,2,0,,,,,,,,,,,,,,,,,,,,,,,,,,,,False,0.0,emran soglo,emran soglo,zulte waregem,2005,2005,500000,913495,2005-07-11,20,key+birth_year
enric llansana,nl NED,MF,Anderlecht,0.0,2001,6.2,0,0,0.1,0.8,5,1,263,315,83.49,21,14,12,3,,,,,,,,,,,,,,,,,,,,,,,,,,,,False,0.0,enric llansana,enric llansana,anderlecht,2001,2001,4000000,412945,2001-04-12,24,first+last+birth_year
enrique lofolomo,de GER,"MF,DF",Zulte Waregem,0.0,2000,2.0,0,0,0.1,0.0,2,1,53,70,75.71,4,3,2,3,,,,,,,,,,,,,,,,,,,,,,,,,,,,False,0.0,enrique lofolomo,enrique lofolomo,zulte waregem,2000,2000,250000,591032,2000-04-14,25,key+birth_year
erick nunes,br BRA,"MF,DF",Cercle Brugge,0.0,2004,2.2,0,1,0.1,0.6,2,0,51,94,54.26,10,7,6,5,,,,,,,,,,,,,,,,,,,,,,,,,,,,False,0.0,erick nunes,erick nunes,cercle brugge,2004,2004,1200000,1086381,2004-02-29,21,first+last+birth_year
etienne camara,fr FRA,MF,Charleroi,0.0,2003,10.5,0,2,0.3,0.7,5,1,351,425,82.59,30,20,10,16,,,,,,,,,,,,,,,,,,,,,,,,,,,,False,0.0,etienne camara,etienne camara,charleroi,2003,2003,2500000,854325,2003-03-30,22,first+last+birth_year
ewoud pletinckx,be BEL,DF,OH Leuven,0.0,2000,11.0,2,0,0.9,0.4,12,6,388,494,78.54,16,12,12,8,,,,,,,,,,,,,,,,,,,,,,,,,,,,False,0.0,ewoud pletinckx,ewoud pletinckx,oh leuven,2000,2000,1800000,491298,2000-10-10,25,first+last+birth_year
fabio ferraro,be BEL,"DF,FW",Dender,0.0,2002,10.6,0,1,0.5,1.0,9,2,360,516,69.77,21,16,11,11,,,,,,,,,,,,,,,,,,,,,,,,,,,,False,0.0,fabio ferraro,fabio ferraro,dender,2002,2002,1300000,579084,2002-09-03,23,first+last+birth_year
farouck adekami,ci CIV,"FW,DF",Antwerp,0.0,2006,3.9,2,0,0.5,0.5,9,7,69,100,69.0,3,2,1,2,,,,,,,,,,,,,,,,,,,,,,,,,,,,False,0.0,farouck adekami,farouck adekami,antwerp,2006,2006,600000,1293796,2006-08-07,19,first+last+birth_year
fedde leysen,be BEL,DF,Union SG,0.0,2003,10.1,1,1,0.8,0.2,4,1,541,629,86.01,21,13,10,11,,,,,,,,,,,,,,,,,,,,,,,,,,,,False,0.0,fedde leysen,fedde leysen,union sg,2003,2003,6000000,660746,2003-07-09,22,first+last+birth_year
filip szymczak,pl POL,"FW,DF",Charleroi,0.0,2002,1.4,0,0,0.1,0.1,1,1,23,36,63.89,3,1,1,2,,,,,,,,,,,,,,,,,,,,,,,,,,,,False,0.0,filip szymczak,filip szymczak,charleroi,2002,2002,1000000,554972,2002-05-06,23,first+last+birth_year
flavio nazinho,pt POR,DF,Cercle Brugge,0.0,2003,7.2,0,2,0.2,1.5,5,1,302,427,70.73,20,13,12,14,,,,,,,,,,,,,,,,,,,,,,,,,,,,False,0.0,flavio nazinho,flavio nazinho,cercle brugge,2003,2003,5000000,668587,2003-07-20,22,fuzzy_global(100.0)
franck surdez,ch SUI,"DF,MF",Gent,0.0,2002,3.0,1,0,1.6,0.2,10,4,103,148,69.59,8,4,4,3,,,,,,,,,,,,,,,,,,,,,,,,,,,,False,0.0,franck surdez,franck surdez,gent,2002,2002,1800000,627196,2002-05-05,23,first+last+birth_year
freddy mbemba,fr FRA,FW,Charleroi,0.0,2002,0.2,0,0,0.1,0.0,2,1,10,14,71.43,2,1,0,0,,,,,,,,,,,,,,,,,,,,,,,,,,,,False,0.0,freddy mbemba,freddy mbemba,charleroi,2002,2002,,,nan,,
fredrik hammer,se SWE,MF,Mechelen,0.0,2001,11.0,0,0,0.4,0.4,8,0,346,426,81.22,47,29,26,16,,,,,,,,,,,,,,,,,,,,,,,,,,,,False,0.0,fredrik hammer,fredrik hammer,mechelen,2001,2001,2500000,504245,2001-02-26,24,fuzzy_global(92.85714285714286)
gabriel david,ng NGA,"FW,DF",Antwerp,0.0,2007,1.2,0,0,0.1,0.1,1,0,10,15,66.67,2,1,3,0,,,,,,,,,,,,,,,,,,,,,,,,,,,,False,0.0,gabriel david,gabriel david,antwerp,2007,2007,200000,1380876,2007-01-02,18,first+last+birth_year
gary magnee,be BEL,DF,Cercle Brugge,0.0,1999,9.9,0,3,0.4,1.9,9,0,333,513,64.91,29,21,22,21,,,,,,,,,,,,,,,,,,,,,,,,,,,,False,0.0,gary magnee,gary magnee,cercle brugge,1999,1999,1500000,679050,1999-10-12,26,first+last+birth_year
glenn bijl,nl NED,"MF,DF",Antwerp,0.0,1995,1.2,0,0,0.0,0.0,1,0,24,35,68.57,1,1,1,0,,,,,,,,,,,,,,,,,,,,,,,,,,,,False,0.0,glenn bijl,glenn bijl,antwerp,1995,1995,1500000,203961,1995-07-13,30,first+last+birth_year
gora diouf,sn SEN,DF,Mechelen,0.0,2003,6.1,0,1,0.2,0.2,3,0,239,289,82.7,12,9,10,6,,,,,,,,,,,,,,,,,,,,,,,,,,,,False,0.0,gora diouf,gora diouf,mechelen,2003,2003,4000000,1049965,2003-09-20,22,first+last+birth_year
griffin yow,us USA,FW,Westerlo,0.0,2002,3.9,2,0,1.7,0.7,16,3,63,101,62.38,9,7,6,0,,,,,,,,,,,,,,,,,,,,,,,,,,,,False,0.0,griffin yow,griffin yow,westerlo,2002,2002,3500000,627205,2002-09-25,23,first+last+birth_year
guillaume dietsch,fr FRA,GK,Dender,0.0,2001,2.0,0,0,0.0,0.0,0,0,38,54,70.37,0,0,0,0,5.0,2.5,14.0,9.0,64.3,0.0,0.0,0.0,0.0,0.0,0.0,3.9,0.28,-1.1,-0.54,14.0,29.0,48.3,39.0,9.0,35.9,32.2,2.0,5.3,6.0,3.0,20.7,True,0.0,guillaume dietsch,guillaume dietsch,dender,2001,2001,250000,463601,2001-04-17,24,first+last+birth_year
guillaume francois,be BEL,DF,Union SG,0.0,1990,0.1,0,0,0.0,0.0,0,0,0,1,0.0,0,0,0,0,,,,,,,,,,,,,,,,,,,,,,,,,,,,False,0.0,guillaume francois,guillaume francois,union sg,1990,1990,150000,72736,1990-06-03,35,first+last+birth_year
gustaf nilsson,se SWE,FW,Club Brugge,0.0,1997,0.2,0,0,0.0,0.0,1,1,1,2,50.0,0,0,1,0,,,,,,,,,,,,,,,,,,,,,,,,,,,,False,0.0,gustaf nilsson,gustaf nilsson,club brugge,1997,1997,3500000,320440,1997-05-23,28,first+last+birth_year
gyrano kerk,sr SUR,"FW,DF",Antwerp,0.0,1995,4.2,0,1,0.6,0.3,9,4,40,60,66.67,3,3,4,2,,,,,,,,,,,,,,,,,,,,,,,,,,,,False,0.0,gyrano kerk,gyrano kerk,antwerp,1995,1995,3000000,268112,1995-12-02,29,first+last+birth_year
hakim sahabo,rw RWA,MF,Standard Liège,0.0,2005,3.4,0,0,0.1,0.0,4,1,128,150,85.33,9,8,4,5,,,,,,,,,,,,,,,,,,,,,,,,,,,,False,0.0,hakim sahabo,hakim sahabo,standard liege,2005,2005,1000000,990731,2005-06-16,20,first+last+birth_year
halil ozdemir,tr TUR,"FW,MF",Mechelen,0.0,2005,1.0,0,0,0.1,0.0,2,0,19,27,70.37,3,2,0,0,,,,,,,,,,,,,,,,,,,,,,,,,,,,False,0.0,halil ozdemir,halil ozdemir,mechelen,2005,2005,150000,988711,2005-08-18,20,first+last+birth_year
hannes van der bruggen,be BEL,MF,Cercle Brugge,0.0,1993,10.5,0,0,0.3,0.4,7,2,431,555,77.66,30,16,13,15,,,,,,,,,,,,,,,,,,,,,,,,,,,,False,0.0,hannes van der bruggen,hannes bruggen,cercle brugge,1993,1993,600000,110822,1993-04-01,32,first+last+birth_year
hans vanaken,be BEL,MF,Club Brugge,0.0,1992,11.0,2,0,2.2,2.2,17,4,720,820,87.8,13,7,18,6,,,,,,,,,,,,,,,,,,,,,,,,,,,,False,0.0,hans vanaken,hans vanaken,club brugge,1992,1992,7000000,137576,1992-08-24,33,first+last+birth_year
hatim es-saoubi,ma MAR,DF,Gent,0.0,2000,1.6,0,0,0.0,0.0,0,0,85,95,89.47,3,2,6,1,,,,,,,,,,,,,,,,,,,,,,,,,,,,False,0.0,hatim es saoubi,hatim saoubi,gent,2000,2000,1000000,800364,2000-12-13,24,first+last+birth_year
helio varela,cv CPV,"MF,DF",Gent,0.0,2002,1.8,0,0,0.1,0.1,2,0,54,78,69.23,0,0,1,1,,,,,,,,,,,,,,,,,,,,,,,,,,,,False,0.0,helio varela,helio varela,gent,2002,2002,,,nan,,
hendrik van crombrugge,be BEL,GK,Genk,0.0,1993,4.0,0,0,0.0,0.0,0,0,130,164,79.27,0,0,0,0,6.0,1.5,24.0,19.0,79.2,0.0,0.0,1.0,1.0,0.0,0.0,7.6,0.28,2.6,0.65,13.0,39.0,33.3,157.0,21.0,22.9,29.6,2.0,3.8,2.0,0.5,11.2,True,0.0,hendrik van crombrugge,hendrik crombrugge,genk,1993,1993,1700000,137326,1993-04-30,32,first+last+birth_year
henok teklab,de GER,"DF,MF",OH Leuven,0.0,1998,0.5,0,0,0.0,0.4,0,0,24,29,82.76,2,1,0,0,,,,,,,,,,,,,,,,,,,,,,,,,,,,False,0.0,henok teklab,henok teklab,oh leuven,1998,1998,800000,492634,1998-11-16,26,first+last+birth_year
henry lawrence,eng ENG,DF,Standard Liège,0.0,2001,2.8,0,0,0.0,0.1,0,0,82,113,72.57,4,3,1,1,,,,,,,,,,,,,,,,,,,,,,,,,,,,False,0.0,henry lawrence,henry lawrence,standard liege,2001,2001,1500000,580765,2001-09-21,24,first+last+birth_year
hugo siquet,be BEL,DF,Club Brugge,0.0,2002,1.5,0,0,0.1,0.1,2,0,84,108,77.78,2,2,0,2,,,,,,,,,,,,,,,,,,,,,,,,,,,,False,0.0,hugo siquet,hugo siquet,club brugge,2002,2002,4000000,578680,2002-07-09,23,first+last+birth_year
hugo vetlesen,no NOR,"FW,MF",Club Brugge,0.0,2000,1.7,0,0,0.0,0.3,1,1,52,68,76.47,3,2,1,0,,,,,,,,,,,,,,,,,,,,,,,,,,,,False,0.0,hugo vetlesen,hugo vetlesen,club brugge,2000,2000,4000000,499758,2000-02-29,25,first+last+birth_year
hyllarion goore,ci CIV,"FW,MF",Gent,0.0,2005,4.6,2,1,1.2,1.2,18,7,61,95,64.21,1,1,4,1,,,,,,,,,,,,,,,,,,,,,,,,,,,,False,0.0,hyllarion goore,hyllarion goore,gent,2005,2005,1500000,1285174,2005-08-24,20,first+last+birth_year
ian struyf,be BEL,DF,Mechelen,0.0,2007,0.4,0,0,0.0,0.0,0,0,11,12,91.67,4,3,0,0,,,,,,,,,,,,,,,,,,,,,,,,,,,,False,0.0,ian struyf,ian struyf,mechelen,2007,2007,150000,1269454,2007-08-22,18,first+last+birth_year
ibe hautekiet,be BEL,DF,Standard Liège,0.0,2002,5.1,0,0,0.0,0.1,1,0,151,187,80.75,10,7,5,11,,,,,,,,,,,,,,,,,,,,,,,,,,,,False,0.0,ibe hautekiet,ibe hautekiet,standard liege,2002,2002,3500000,565016,2002-04-13,23,first+last+birth_year
ibrahim diakite,gn GUI,DF,Cercle Brugge,0.0,2003,1.0,0,0,0.1,0.0,1,0,29,42,69.05,3,1,2,0,,,,,,,,,,,,,,,,,,,,,,,,,,,,False,0.0,ibrahim diakite,ibrahim diakite,cercle brugge,2003,2003,1200000,919173,2003-10-31,21,first+last+birth_year
ibrahim kanate,ml MLI,FW,Anderlecht,0.0,2006,0.4,0,0,0.0,0.1,0,0,18,22,81.82,2,1,3,0,,,,,,,,,,,,,,,,,,,,,,,,,,,,False,0.0,ibrahim kanate,ibrahim kanate,anderlecht,2006,2006,500000,1132628,2006-10-23,18,first+last+birth_year
ibrahim karamoko,fr FRA,"DF,MF",Standard Liège,0.0,2001,4.8,0,0,0.1,0.0,2,1,196,222,88.29,8,3,10,9,,,,,,,,,,,,,,,,,,,,,,,,,,,,False,0.0,ibrahim karamoko,ibrahim karamoko,standard liege,2001,2001,800000,538072,2001-07-23,24,first+last+birth_year
ibrahima diaby,gn GUI,"MF,DF",Cercle Brugge,0.0,2007,2.2,0,0,0.3,0.5,2,1,84,112,75.0,9,6,4,6,,,,,,,,,,,,,,,,,,,,,,,,,,,,False,0.0,ibrahima diaby,ibrahima diaby,cercle brugge,2007,2007,250000,1053160,2007-03-17,18,first+last+birth_year
ibrahima sory bangoura,gn GUI,MF,Genk,0.0,2004,3.6,0,0,0.0,0.0,0,0,144,161,89.44,9,4,7,4,,,,,,,,,,,,,,,,,,,,,,,,,,,,False,0.0,ibrahima sory bangoura,ibrahima bangoura,genk,2004,2004,8000000,1038348,2004-01-05,21,first+last+birth_year
ilay camara,sn SEN,"FW,DF",Anderlecht,0.0,2003,1.8,0,1,0.1,1.4,1,0,66,79,83.54,3,2,4,5,,,,,,,,,,,,,,,,,,,,,,,,,,,,False,0.0,ilay camara,ilay camara,anderlecht,2003,2003,4000000,570781,2003-01-18,22,first+last+birth_year
ilias sebaoui,be BEL,"FW,MF",Sint-Truiden,0.0,2001,9.7,1,1,1.7,1.0,25,5,192,259,74.13,12,6,7,5,,,,,,,,,,,,,,,,,,,,,,,,,,,,False,0.0,ilias sebaoui,ilias sebaoui,sint truiden,2001,2001,1500000,852953,2001-10-04,24,first+last+birth_year
isa sakamoto,jp JPN,MF,Westerlo,0.0,2003,9.5,3,2,2.1,1.4,20,6,162,203,79.8,7,5,6,3,,,,,,,,,,,,,,,,,,,,,,,,,,,,False,0.0,isa sakamoto,isa sakamoto,westerlo,2003,2003,3500000,814491,2003-08-26,22,first+last+birth_year
isaac babadi,nl NED,MF,Antwerp,0.0,2005,2.9,0,0,0.2,0.3,5,2,126,148,85.14,3,2,2,2,,,,,,,,,,,,,,,,,,,,,,,,,,,,False,0.0,isaac babadi,isaac babadi,antwerp,2005,2005,3000000,813437,2005-04-06,20,first+last+birth_year
isaac mbenza,be BEL,FW,Charleroi,0.0,1996,2.1,0,0,0.1,0.7,2,1,63,96,65.62,1,0,2,0,,,,,,,,,,,,,,,,,,,,,,,,,,,,False,0.0,isaac mbenza,isaac mbenza,charleroi,1996,1996,800000,260806,1996-03-08,29,first+last+birth_year
isaias delpupo,ar ARG,"MF,FW",Sint-Truiden,0.0,2003,0.2,0,0,0.0,0.0,0,0,6,9,66.67,2,1,1,0,,,,,,,,,,,,,,,,,,,,,,,,,,,,False,0.0,isaias delpupo,isaias delpupo,sint truiden,2003,2003,400000,736034,2003-03-31,22,first+last+birth_year
jakob kiilerich,dk DEN,DF,Zulte Waregem,0.0,2000,6.0,0,0,0.1,0.1,1,0,312,354,88.14,5,4,6,6,,,,,,,,,,,,,,,,,,,,,,,,,,,,False,0.0,jakob kiilerich,jakob kiilerich,zulte waregem,2000,2000,400000,521225,2000-05-10,25,key+birth_year
jakob romsaas,no NOR,MF,Charleroi,0.0,2004,7.5,0,2,1.0,0.6,16,7,186,222,83.78,12,8,4,8,,,,,,,,,,,,,,,,,,,,,,,,,,,,False,0.0,jakob romsaas,jakob romsaas,charleroi,2004,2004,1500000,902401,2004-05-16,21,first+last+birth_year
james nam,be BEL,FW,Standard Liège,0.0,2006,0.0,0,0,0.0,0.0,0,0,0,1,0.0,0,0,0,0,,,,,,,,,,,,,,,,,,,,,,,,,,,,False,0.0,james nam,james nam,standard liege,2006,2006,100000,937115,2006-09-02,19,fuzzy_global(100.0)
jan-carlo simic,rs SRB,DF,Anderlecht,0.0,2005,2.0,0,0,0.0,0.0,1,0,85,101,84.16,4,3,2,3,,,,,,,,,,,,,,,,,,,,,,,,,,,,False,0.0,jan carlo simic,jan simic,anderlecht,2005,2005,,,nan,,
jarne steuckers,be BEL,"FW,MF",Genk,0.0,2002,9.4,0,5,1.0,3.3,18,3,418,587,71.21,3,2,7,2,,,,,,,,,,,,,,,,,,,,,,,,,,,,False,0.0,jarne steuckers,jarne steuckers,genk,2002,2002,11000000,707159,2002-02-04,23,first+last+birth_year
jay-david mbalanda,fr FRA,FW,Sint-Truiden,0.0,2007,0.0,0,0,0.1,0.0,1,0,4,7,57.14,0,0,0,0,,,,,,,,,,,,,,,,,,,,,,,,,,,,False,0.0,jay david mbalanda,jay mbalanda,sint truiden,2007,2007,100000,1309326,2007-05-03,18,first+last+birth_year
jean-kevin duverne,ht HAI,DF,Gent,0.0,1997,5.7,0,1,0.0,1.0,0,0,272,341,79.77,12,9,8,7,,,,,,,,,,,,,,,,,,,,,,,,,,,,False,0.0,jean kevin duverne,jean duverne,gent,1997,1997,2500000,344864,1997-07-12,28,first+last+birth_year
jelle vossen,be BEL,FW,Zulte Waregem,0.0,1989,2.7,2,0,1.4,0.6,6,4,46,66,69.7,1,1,1,1,,,,,,,,,,,,,,,,,,,,,,,,,,,,False,0.0,jelle vossen,jelle vossen,zulte waregem,1989,1989,250000,42748,1989-03-22,36,key+birth_year
jeppe erenbjerg,dk DEN,"MF,FW",Zulte Waregem,0.0,2000,8.7,5,1,3.1,0.8,23,10,208,258,80.62,5,4,9,2,,,,,,,,,,,,,,,,,,,,,,,,,,,,False,0.0,jeppe erenbjerg,jeppe erenbjerg,zulte waregem,2000,2000,1000000,543302,2000-04-29,25,key+birth_year
jeremy petris,fr FRA,DF,Charleroi,0.0,1998,4.2,0,0,0.0,0.2,0,0,144,202,71.29,5,3,1,3,,,,,,,,,,,,,,,,,,,,,,,,,,,,False,0.0,jeremy petris,jeremy petris,charleroi,1998,1998,,,nan,,
jerry afriyie,gh GHA,FW,La Louvière,0.0,2006,6.1,2,0,2.4,0.3,13,5,47,70,67.14,3,2,3,2,,,,,,,,,,,,,,,,,,,,,,,,,,,,False,0.0,jerry afriyie,jerry afriyie,la louviere,2006,2006,700000,1332184,2006-12-10,18,first+last+birth_year
joaquin seys,be BEL,DF,Club Brugge,0.0,2005,7.1,1,0,0.1,0.3,1,1,430,487,88.3,18,5,6,9,,,,,,,,,,,,,,,,,,,,,,,,,,,,False,0.0,joaquin seys,joaquin seys,club brugge,2005,2005,15000000,981196,2005-03-28,20,first+last+birth_year
joedrick pupe,be BEL,DF,Dender,0.0,1997,3.5,0,0,0.1,0.0,3,1,221,269,82.16,5,3,4,4,,,,,,,,,,,,,,,,,,,,,,,,,,,,False,0.0,joedrick pupe,joedrick pupe,dender,1997,1997,,,nan,,
joel ito,be BEL,MF,La Louvière,0.0,1998,8.2,0,1,0.4,1.5,8,3,128,174,73.56,25,16,10,4,,,,,,,,,,,,,,,,,,,,,,,,,,,,False,0.0,joel ito,joel ito,la louviere,1998,1998,350000,338652,1998-03-27,27,first+last+birth_year
joel ordonez,ec ECU,DF,Club Brugge,0.0,2004,4.8,1,0,0.5,0.0,3,1,340,368,92.39,4,3,6,3,,,,,,,,,,,,,,,,,,,,,,,,,,,,False,0.0,joel ordonez,joel ordonez,club brugge,2004,2004,28000000,893661,2004-04-21,21,first+last+birth_year
jordan kadiri,ng NGA,FW,Dender,0.0,2000,2.2,1,0,0.3,0.1,6,2,29,44,65.91,1,1,0,1,,,,,,,,,,,,,,,,,,,,,,,,,,,,False,0.0,jordan kadiri,jordan kadiri,dender,2000,2000,350000,655420,2000-03-11,25,first+last+birth_year
jordi liongola,bi BDI,"DF,FW",La Louvière,0.0,2000,10.6,0,0,0.3,0.8,7,0,227,374,60.7,18,13,17,15,,,,,,,,,,,,,,,,,,,,,,,,,,,,False,0.0,jordi liongola,jordi liongola,la louviere,2000,2000,800000,627329,2000-05-17,25,first+last+birth_year
joris kayembe,cd COD,DF,Genk,0.0,1994,8.4,0,1,0.2,0.4,6,1,588,693,84.85,12,6,7,11,,,,,,,,,,,,,,,,,,,,,,,,,,,,False,0.0,joris kayembe,joris kayembe,genk,1994,1994,3000000,129586,1994-08-08,31,first+last+birth_year
jorne spileers,be BEL,DF,Club Brugge,0.0,2005,7.1,0,0,0.1,0.0,2,0,544,586,92.83,9,3,1,2,,,,,,,,,,,,,,,,,,,,,,,,,,,,False,0.0,jorne spileers,jorne spileers,club brugge,2005,2005,3500000,743381,2005-01-21,20,first+last+birth_year
jose marsa,es ESP,DF,Mechelen,0.0,2002,7.3,0,1,0.2,1.1,4,1,255,339,75.22,9,4,12,4,,,,,,,,,,,,,,,,,,,,,,,,,,,,False,0.0,jose marsa,jose marsa,mechelen,2002,2002,3000000,563139,2002-03-04,23,first+last+birth_year
joseph opoku,gh GHA,"FW,MF",Zulte Waregem,0.0,2005,10.5,1,4,1.6,2.3,24,3,183,241,75.93,3,3,8,6,,,,,,,,,,,,,,,,,,,,,,,,,,,,False,0.0,joseph opoku,joseph opoku,zulte waregem,2005,2005,1500000,1310437,2005-08-08,20,key+birth_year
josimar alcocer,cr CRC,FW,Westerlo,0.0,2004,9.2,3,3,2.1,1.4,22,8,180,226,79.65,17,10,9,3,,,,,,,,,,,,,,,,,,,,,,,,,,,,False,0.0,josimar alcocer,josimar alcocer,westerlo,2004,2004,3500000,743629,2004-07-07,21,first+last+birth_year
josue homawoo,tg TOG,DF,Standard Liège,0.0,1997,6.8,0,0,0.2,0.2,2,0,255,294,86.73,18,8,14,11,,,,,,,,,,,,,,,,,,,,,,,,,,,,False,0.0,josue homawoo,josue homawoo,standard liege,1997,1997,900000,655143,1997-11-12,27,first+last+birth_year
josue kongolo,be BEL,DF,Genk,0.0,2006,0.6,0,0,0.0,0.0,0,0,16,16,100.0,1,0,1,1,,,,,,,,,,,,,,,,,,,,,,,,,,,,False,0.0,josue kongolo,josue kongolo,genk,2006,2006,1500000,997474,2006-04-13,19,first+last+birth_year
jovan mijatovic,rs SRB,FW,OH Leuven,0.0,2005,7.1,0,1,0.5,0.8,10,2,81,147,55.1,2,1,11,1,,,,,,,,,,,,,,,,,,,,,,,,,,,,False,0.0,jovan mijatovic,jovan mijatovic,oh leuven,2005,2005,3000000,673432,2005-07-11,20,first+last+birth_year
jules gaudin,fr FRA,DF,Charleroi,0.0,2000,2.1,0,0,0.0,0.4,1,0,84,127,66.14,6,4,3,4,,,,,,,,,,,,,,,,,,,,,,,,,,,,False,0.0,jules gaudin,jules gaudin,charleroi,2000,2000,700000,413111,2000-05-09,25,first+last+birth_year
junya ito,jp JPN,FW,Genk,0.0,1993,4.5,2,0,0.7,0.8,10,4,174,240,72.5,7,4,5,4,,,,,,,,,,,,,,,,,,,,,,,,,,,,False,0.0,junya ito,junya ito,genk,1993,1993,5000000,348791,1993-03-09,32,first+last+birth_year
jusef erabi,se SWE,"FW,MF",Genk,0.0,2003,2.8,1,0,1.0,0.1,7,3,35,40,87.5,2,1,1,0,,,,,,,,,,,,,,,,,,,,,,,,,,,,False,0.0,jusef erabi,jusef erabi,genk,2003,2003,6000000,851699,2003-06-08,22,first+last+birth_year
kader ouattara,bf BFA,"FW,MF",Cercle Brugge,0.0,2005,0.2,0,0,0.0,0.0,0,0,3,4,75.0,0,0,0,0,,,,,,,,,,,,,,,,,,,,,,,,,,,,False,0.0,kader ouattara,kader ouattara,cercle brugge,2005,2005,800000,1176433,2005-05-26,20,fuzzy_global(100.0)
kaito matsuzawa,jp JPN,"FW,MF",Sint-Truiden,0.0,2001,1.2,1,0,1.4,0.2,11,5,38,53,71.7,5,1,0,1,,,,,,,,,,,,,,,,,,,,,,,,,,,,False,0.0,kaito matsuzawa,kaito matsuzawa,sint truiden,2001,2001,275000,1124661,2001-02-05,24,first+last+birth_year
kamiel van de perre,be BEL,MF,Union SG,0.0,2004,3.0,0,0,0.0,0.0,1,0,69,93,74.19,8,5,1,1,,,,,,,,,,,,,,,,,,,,,,,,,,,,False,0.0,kamiel van de perre,kamiel perre,union sg,2004,2004,3000000,655021,2004-02-12,21,first+last+birth_year
kasper dolberg,dk DEN,FW,Anderlecht,0.0,1997,1.4,1,0,1.9,0.3,6,3,25,29,86.21,0,0,2,0,,,,,,,,,,,,,,,,,,,,,,,,,,,,False,0.0,kasper dolberg,kasper dolberg,anderlecht,1997,1997,,,nan,,
kaye furo,be BEL,FW,Club Brugge,0.0,2007,0.3,0,0,0.2,0.1,2,1,9,15,60.0,0,0,1,0,,,,,,,,,,,,,,,,,,,,,,,,,,,,False,0.0,kaye furo,kaye furo,club brugge,2007,2007,2500000,1011936,2007-02-06,18,first+last+birth_year
keisuke goto,jp JPN,FW,Sint-Truiden,0.0,2005,5.0,3,0,2.4,0.6,12,5,56,85,65.88,5,3,2,1,,,,,,,,,,,,,,,,,,,,,,,,,,,,False,0.0,keisuke goto,keisuke goto,sint truiden,2005,2005,2000000,916623,2005-06-03,20,first+last+birth_year
ken nkuba,be BEL,DF,Genk,0.0,2002,3.5,1,0,0.6,0.1,8,4,174,219,79.45,12,8,1,3,,,,,,,,,,,,,,,,,,,,,,,,,,,,False,0.0,ken nkuba,ken nkuba,genk,2002,2002,2200000,627939,2002-01-21,23,first+last+birth_year
kerim mrabti,se SWE,"MF,FW",Mechelen,0.0,1994,6.6,2,1,0.9,0.9,6,2,142,178,79.78,7,5,13,3,,,,,,,,,,,,,,,,,,,,,,,,,,,,False,0.0,kerim mrabti,kerim mrabti,mechelen,1994,1994,2000000,225569,1994-05-20,31,first+last+birth_year
kevin mac allister,ar ARG,DF,Union SG,0.0,1997,9.9,0,0,0.1,0.7,3,1,464,563,82.42,30,22,12,14,,,,,,,,,,,,,,,,,,,,,,,,,,,,False,0.0,kevin mac allister,kevin allister,union sg,1997,1997,7500000,428920,1997-11-07,27,first+last+birth_year
kevin rodriguez,ec ECU,"FW,MF",Union SG,0.0,2000,6.9,4,0,3.4,0.3,24,14,111,166,66.87,9,7,6,1,,,,,,,,,,,,,,,,,,,,,,,,,,,,False,0.0,kevin rodriguez,kevin rodriguez,union sg,2000,2000,3000000,684159,2000-03-04,25,first+last+birth_year
kevin van den kerkhof,dz ALG,DF,Charleroi,0.0,1996,4.6,0,1,0.6,0.4,5,0,118,173,68.21,11,7,6,6,,,,,,,,,,,,,,,,,,,,,,,,,,,,False,0.0,kevin van den kerkhof,kevin kerkhof,charleroi,1996,1996,1200000,400680,1996-03-14,29,first+last+birth_year
killian sardella,be BEL,DF,Anderlecht,0.0,2002,4.2,0,1,0.2,0.5,4,0,130,193,67.36,5,3,9,7,,,,,,,,,,,,,,,,,,,,,,,,,,,,False,0.0,killian sardella,killian sardella,anderlecht,2002,2002,5000000,454336,2002-05-02,23,first+last+birth_year
kjell scherpen,nl NED,GK,Union SG,0.0,2000,8.0,0,0,0.0,0.0,0,0,169,221,76.47,0,0,0,0,3.0,0.37,21.0,18.0,85.7,5.0,62.5,0.0,0.0,0.0,0.0,3.2,0.15,0.2,0.03,24.0,74.0,32.4,192.0,20.0,35.4,35.5,7.0,7.3,2.0,0.25,9.3,True,0.0,kjell scherpen,kjell scherpen,union sg,2000,2000,5000000,463527,2000-01-23,25,first+last+birth_year
kobe cools,be BEL,DF,Dender,0.0,1997,6.7,0,0,0.3,0.4,6,3,246,289,85.12,9,4,13,6,,,,,,,,,,,,,,,,,,,,,,,,,,,,False,0.0,kobe cools,kobe cools,dender,1997,1997,800000,340162,1997-07-25,28,first+last+birth_year
konstantinos karetsas,gr GRE,MF,Genk,0.0,2007,6.3,0,1,1.3,0.8,18,5,179,249,71.89,7,2,5,2,,,,,,,,,,,,,,,,,,,,,,,,,,,,False,0.0,konstantinos karetsas,konstantinos karetsas,genk,2007,2007,23000000,990148,2007-11-19,17,first+last+birth_year
krys kouassi,fr FRA,FW,Cercle Brugge,0.0,2007,0.6,0,0,0.1,0.0,2,0,14,19,73.68,1,0,1,0,,,,,,,,,,,,,,,,,,,,,,,,,,,,False,0.0,krys kouassi,krys kouassi,cercle brugge,2007,2007,100000,1208836,2007-03-08,18,first+last+birth_year
krzysztof koton,pl POL,"MF,DF",Dender,0.0,2003,1.0,0,0,0.0,0.0,0,0,22,30,73.33,5,2,0,0,,,,,,,,,,,,,,,,,,,,,,,,,,,,False,0.0,krzysztof koton,krzysztof koton,dender,2003,2003,350000,920209,2003-05-17,22,first+last+birth_year
kyan vaesen,be BEL,FW,Westerlo,0.0,2001,1.9,1,1,1.7,0.2,5,3,29,49,59.18,3,2,0,0,,,,,,,,,,,,,,,,,,,,,,,,,,,,False,0.0,kyan vaesen,kyan vaesen,westerlo,2001,2001,700000,687630,2001-04-13,24,first+last+birth_year
kyriani sabbe,be BEL,DF,Club Brugge,0.0,2005,4.7,0,0,0.2,0.1,4,2,271,334,81.14,12,5,4,4,,,,,,,,,,,,,,,,,,,,,,,,,,,,False,0.0,kyriani sabbe,kyriani sabbe,club brugge,2005,2005,6000000,743122,2005-01-26,20,first+last+birth_year
laurent lemoine,be BEL,DF,Zulte Waregem,0.0,1998,5.0,0,0,0.0,0.0,0,0,199,232,85.78,7,6,6,3,,,,,,,,,,,,,,,,,,,,,,,,,,,,False,0.0,laurent lemoine,laurent lemoine,zulte waregem,1998,1998,400000,289584,1998-04-24,27,key+birth_year
lawrence agyekum,gh GHA,"MF,DF",Cercle Brugge,0.0,2003,8.6,0,1,0.7,0.6,10,2,178,255,69.8,18,11,18,12,,,,,,,,,,,,,,,,,,,,,,,,,,,,False,0.0,lawrence agyekum,lawrence agyekum,cercle brugge,2003,2003,2500000,733410,2003-11-23,21,first+last+birth_year
leandre kuavita,be BEL,"FW,MF",Standard Liège,0.0,2004,1.1,0,0,0.3,0.3,2,1,18,27,66.67,3,2,1,0,,,,,,,,,,,,,,,,,,,,,,,,,,,,False,0.0,leandre kuavita,leandre kuavita,standard liege,2004,2004,1500000,723485,2004-05-31,21,first+last+birth_year
leo kokubo,jp JPN,GK,Sint-Truiden,0.0,2001,11.0,0,0,0.0,0.0,0,0,238,334,71.26,2,2,0,0,14.0,1.27,46.0,33.0,73.9,2.0,18.2,2.0,2.0,0.0,0.0,16.8,0.33,3.8,0.35,38.0,121.0,31.4,275.0,48.0,35.6,34.2,12.0,9.1,14.0,1.27,13.4,True,0.0,leo kokubo,leo kokubo,sint truiden,2001,2001,3000000,501737,2001-01-23,24,first+last+birth_year
leonardo da silva lopes,pt POR,"DF,MF",Gent,0.0,1998,6.4,0,0,0.4,0.4,5,0,321,391,82.1,9,7,6,9,,,,,,,,,,,,,,,,,,,,,,,,,,,,False,0.0,leonardo da silva lopes,leonardo lopes,gent,1998,1998,3500000,348756,1998-11-30,26,first+last+birth_year
lewin blum,ch SUI,"DF,FW",Charleroi,0.0,2001,2.2,0,1,0.0,0.2,1,0,55,93,59.14,6,4,3,2,,,,,,,,,,,,,,,,,,,,,,,,,,,,False,0.0,lewin blum,lewin blum,charleroi,2001,2001,3000000,507455,2001-07-27,24,first+last+birth_year
lion lauberbach,de GER,FW,Mechelen,0.0,1998,9.9,5,0,6.1,0.3,28,19,151,222,68.02,8,2,5,0,,,,,,,,,,,,,,,,,,,,,,,,,,,,False,0.0,lion lauberbach,lion lauberbach,mechelen,1998,1998,1000000,307800,1998-02-15,27,first+last+birth_year
louis patris,be BEL,DF,Sint-Truiden,0.0,2001,5.7,0,1,0.4,1.1,4,2,231,339,68.14,23,13,5,8,,,,,,,,,,,,,,,,,,,,,,,,,,,,False,0.0,louis patris,louis patris,sint truiden,2001,2001,3300000,502247,2001-06-07,24,first+last+birth_year
luc de fougerolles,ca CAN,DF,Dender,0.0,2005,8.7,0,1,0.3,0.2,3,0,397,478,83.05,13,7,11,13,,,,,,,,,,,,,,,,,,,,,,,,,,,,False,0.0,luc de fougerolles,luc fougerolles,dender,2005,2005,700000,921995,2005-10-12,20,first+last+birth_year
luc marijnissen,nl NED,DF,Dender,0.0,2003,11.0,0,0,0.7,0.4,5,3,434,530,81.89,29,20,11,10,,,,,,,,,,,,,,,,,,,,,,,,,,,,False,0.0,luc marijnissen,luc marijnissen,dender,2003,2003,800000,717604,2003-01-09,22,first+last+birth_year
lucas hey,dk DEN,DF,Anderlecht,0.0,2003,10.0,0,0,0.3,0.1,5,1,444,538,82.53,8,4,7,11,,,,,,,,,,,,,,,,,,,,,,,,,,,,False,0.0,lucas hey,lucas hey,anderlecht,2003,2003,4500000,728924,2003-04-13,22,first+last+birth_year
ludovit reis,nl NED,MF,Club Brugge,0.0,2000,2.7,0,0,0.7,0.4,6,2,158,183,86.34,2,0,2,3,,,,,,,,,,,,,,,,,,,,,,,,,,,,False,0.0,ludovit reis,ludovit reis,club brugge,2000,2000,7000000,490884,2000-06-01,25,first+last+birth_year
ludwig augustinsson,se SWE,DF,Anderlecht,0.0,1994,7.3,0,1,0.5,1.6,9,1,389,489,79.55,17,6,9,7,,,,,,,,,,,,,,,,,,,,,,,,,,,,False,0.0,ludwig augustinsson,ludwig augustinsson,anderlecht,1994,1994,2500000,170646,1994-04-21,31,first+last+birth_year
luis vazquez,ar ARG,FW,Anderlecht,0.0,2001,6.8,2,0,2.6,0.9,17,8,93,132,70.45,8,6,7,0,,,,,,,,,,,,,,,,,,,,,,,,,,,,False,0.0,luis vazquez,luis vazquez,anderlecht,2001,2001,2500000,844516,2001-04-24,24,first+last+birth_year
lukas willen,be BEL,DF,Zulte Waregem,0.0,2003,3.0,0,0,0.0,0.1,0,0,99,114,86.84,5,3,2,1,,,,,,,,,,,,,,,,,,,,,,,,,,,,False,0.0,lukas willen,lukas willen,zulte waregem,2003,2003,800000,574501,2003-04-25,22,key+birth_year
lynnt audoor,be BEL,MF,Club Brugge,0.0,2003,1.4,0,1,0.0,0.1,0,0,74,89,83.15,5,4,2,0,,,,,,,,,,,,,,,,,,,,,,,,,,,,False,0.0,lynnt audoor,lynnt audoor,club brugge,2003,2003,1000000,623095,2003-10-13,22,first+last+birth_year
mahamadou diawara,fr FRA,MF,Antwerp,0.0,2005,2.7,0,0,0.0,0.1,1,0,101,116,87.07,5,3,4,1,,,,,,,,,,,,,,,,,,,,,,,,,,,,False,0.0,mahamadou diawara,mahamadou diawara,antwerp,2005,2005,2000000,1053147,2005-02-17,20,first+last+birth_year
mahamadou doumbia,ml MLI,MF,Antwerp,0.0,2004,5.8,2,1,1.8,0.5,8,1,161,187,86.1,4,3,3,4,,,,,,,,,,,,,,,,,,,,,,,,,,,,False,0.0,mahamadou doumbia,mahamadou doumbia,antwerp,2004,2004,,,nan,,
maksim paskotsi,ee EST,DF,Gent,0.0,2003,8.0,1,1,0.3,0.8,7,3,471,518,90.93,7,5,15,10,,,,,,,,,,,,,,,,,,,,,,,,,,,,False,0.0,maksim paskotsi,maksim paskotsi,gent,2003,2003,2000000,488298,2003-01-19,22,first+last+birth_year
malcolm viltard,fr FRA,MF,Dender,0.0,2002,7.5,0,0,0.0,0.0,2,1,236,318,74.21,26,17,14,10,,,,,,,,,,,,,,,,,,,,,,,,,,,,False,0.0,malcolm viltard,malcolm viltard,dender,2002,2002,750000,840688,2002-10-24,22,first+last+birth_year
mamadou diakhon,fr FRA,FW,Club Brugge,0.0,2005,2.0,0,2,0.0,0.3,1,1,57,63,90.48,1,1,3,2,,,,,,,,,,,,,,,,,,,,,,,,,,,,False,0.0,mamadou diakhon,mamadou diakhon,club brugge,2005,2005,6000000,1054839,2005-09-22,20,first+last+birth_year
mamadou thierno barry,sn SEN,DF,Union SG,0.0,2005,0.1,0,0,0.0,0.0,0,0,3,3,100.0,0,0,0,0,,,,,,,,,,,,,,,,,,,,,,,,,,,,False,0.0,mamadou thierno barry,mamadou barry,union sg,2005,2005,1800000,1250976,2005-03-20,20,first+last+birth_year
marc giger,ch SUI,FW,Union SG,0.0,2004,1.2,1,1,0.5,0.1,5,2,22,30,73.33,1,1,1,0,,,,,,,,,,,,,,,,,,,,,,,,,,,,False,0.0,marc giger,marc giger,union sg,2004,2004,600000,659317,2004-03-27,21,first+last+birth_year
marco ilaimaharitra,mg MAD,MF,Standard Liège,0.0,1995,10.6,2,0,1.7,0.2,3,0,384,477,80.5,16,5,12,14,,,,,,,,,,,,,,,,,,,,,,,,,,,,False,0.0,marco ilaimaharitra,marco ilaimaharitra,standard liege,1995,1995,800000,205550,1995-07-26,30,first+last+birth_year
marco kana,be BEL,DF,Anderlecht,0.0,2002,9.8,0,0,0.1,0.1,3,1,551,599,91.99,8,6,11,5,,,,,,,,,,,,,,,,,,,,,,,,,,,,False,0.0,marco kana,marco kana,anderlecht,2002,2002,1200000,486051,2002-08-08,23,first+last+birth_year
marcos peano,ar ARG,GK,La Louvière,0.0,1998,11.0,0,0,0.0,0.0,0,0,250,410,60.98,1,1,0,0,9.0,0.82,47.0,38.0,83.0,6.0,54.5,2.0,1.0,0.0,1.0,14.6,0.3,5.6,0.51,93.0,244.0,38.1,334.0,43.0,53.6,41.9,15.0,8.7,29.0,2.64,18.1,True,0.0,marcos peano,marcos peano,la louviere,1998,1998,1000000,360338,1998-10-15,27,first+last+birth_year
mardochee nzita,be BEL,DF,Charleroi,0.0,2000,8.2,0,0,0.2,0.4,2,1,304,451,67.41,17,12,17,5,,,,,,,,,,,,,,,,,,,,,,,,,,,,False,0.0,mardochee nzita,mardochee nzita,charleroi,2000,2000,1000000,463738,2000-02-24,25,first+last+birth_year
mario stroeykens,be BEL,"MF,FW",Anderlecht,0.0,2004,2.6,1,0,0.5,0.1,6,1,121,156,77.56,4,3,2,3,,,,,,,,,,,,,,,,,,,,,,,,,,,,False,0.0,mario stroeykens,mario stroeykens,anderlecht,2004,2004,10000000,588866,2004-09-29,21,first+last+birth_year
marley ake,fr FRA,"FW,MF",Zulte Waregem,0.0,2001,1.6,1,0,0.5,0.6,5,3,26,32,81.25,2,2,1,0,,,,,,,,,,,,,,,,,,,,,,,,,,,,False,0.0,marley ake,marley ake,zulte waregem,2001,2001,1800000,682032,2001-01-05,24,key+birth_year
marlon fossey,us USA,DF,Standard Liège,0.0,1998,9.2,1,0,0.7,0.4,9,4,280,387,72.35,10,5,11,14,,,,,,,,,,,,,,,,,,,,,,,,,,,,False,0.0,marlon fossey,marlon fossey,standard liege,1998,1998,5000000,408562,1998-09-09,27,first+last+birth_year
marsoni sambu,ao ANG,DF,Dender,0.0,1996,1.6,0,0,0.1,0.1,1,1,52,77,67.53,5,2,1,1,,,,,,,,,,,,,,,,,,,,,,,,,,,,False,0.0,marsoni sambu,marsoni sambu,dender,1996,1996,700000,316709,1996-06-03,29,first+last+birth_year
martin delavallee,be BEL,GK,Charleroi,0.0,2004,11.0,0,0,0.0,0.0,1,0,235,363,64.74,0,0,0,0,17.0,1.55,36.0,20.0,61.1,1.0,9.1,3.0,3.0,0.0,0.0,11.7,0.26,-4.3,-0.39,68.0,185.0,36.8,304.0,60.0,47.4,38.4,10.0,5.2,15.0,1.36,15.5,True,0.0,martin delavallee,martin delavallee,charleroi,2004,2004,1500000,903223,2004-03-18,21,first+last+birth_year
marwan al sahafi,sa KSA,"FW,MF",Antwerp,0.0,2004,3.7,0,0,0.7,0.2,5,1,51,60,85.0,1,1,1,0,,,,,,,,,,,,,,,,,,,,,,,,,,,,False,0.0,marwan al sahafi,marwan sahafi,antwerp,2004,2004,1000000,1057857,2004-02-17,21,first+last+birth_year
massamba sow,fr FRA,DF,Charleroi,0.0,2004,1.8,0,0,0.0,0.0,0,0,40,50,80.0,3,0,0,0,,,,,,,,,,,,,,,,,,,,,,,,,,,,False,0.0,massamba sow,massamba sow,charleroi,2004,2004,500000,959576,2004-06-13,21,first+last+birth_year
mathias delorge,be BEL,MF,Gent,0.0,2004,6.9,0,1,0.1,0.4,3,2,390,454,85.9,12,8,6,6,,,,,,,,,,,,,,,,,,,,,,,,,,,,False,0.0,mathias delorge,mathias delorge,gent,2004,2004,8000000,723487,2004-07-31,21,first+last+birth_year
mathias fixelles,be BEL,"MF,FW",Westerlo,0.0,1996,0.3,0,0,0.0,0.0,0,0,14,16,87.5,4,2,1,0,,,,,,,,,,,,,,,,,,,,,,,,,,,,False,0.0,mathias fixelles,mathias fixelles,westerlo,1996,1996,300000,441306,1996-08-11,29,first+last+birth_year
mathias rasmussen,no NOR,MF,Union SG,0.0,1997,4.5,1,0,0.3,0.4,6,1,147,197,74.62,16,12,5,7,,,,,,,,,,,,,,,,,,,,,,,,,,,,False,0.0,mathias rasmussen,mathias rasmussen,union sg,1997,1997,3000000,268327,1997-11-25,27,first+last+birth_year
mathieu maertens,be BEL,"MF,FW",OH Leuven,0.0,1995,2.6,1,0,1.2,0.1,9,5,38,57,66.67,2,2,1,3,,,,,,,,,,,,,,,,,,,,,,,,,,,,False,0.0,mathieu maertens,mathieu maertens,oh leuven,1995,1995,1200000,310131,1995-03-27,30,first+last+birth_year
mathis servais,be BEL,MF,Mechelen,0.0,2004,5.0,0,0,0.8,0.3,7,2,147,183,80.33,10,6,5,3,,,,,,,,,,,,,,,,,,,,,,,,,,,,False,0.0,mathis servais,mathis servais,mechelen,2004,2004,1200000,708455,2004-11-23,20,first+last+birth_year
matija frigan,hr CRO,FW,Westerlo,0.0,2003,1.9,1,0,0.3,0.0,2,2,17,24,70.83,0,0,1,0,,,,,,,,,,,,,,,,,,,,,,,,,,,,False,0.0,matija frigan,matija frigan,westerlo,2003,2003,,,nan,,
matisse samoise,be BEL,DF,Gent,0.0,2001,9.0,1,0,0.5,1.0,5,2,379,506,74.9,18,11,11,11,,,,,,,,,,,,,,,,,,,,,,,,,,,,False,0.0,matisse samoise,matisse samoise,gent,2001,2001,2500000,705991,2001-11-21,23,first+last+birth_year
matte smets,be BEL,DF,Genk,0.0,2004,11.0,0,1,0.1,0.8,4,0,828,888,93.24,22,10,6,12,,,,,,,,,,,,,,,,,,,,,,,,,,,,False,0.0,matte smets,matte smets,genk,2004,2004,13000000,1019174,2004-01-04,21,first+last+birth_year
matthieu epolo,be BEL,GK,Standard Liège,0.0,2005,11.0,0,0,0.0,0.4,0,0,231,360,64.17,0,0,0,0,13.0,1.18,53.0,41.0,75.5,3.0,27.3,0.0,0.0,0.0,0.0,13.1,0.25,1.1,0.1,70.0,185.0,37.8,283.0,39.0,47.3,38.6,2.0,1.2,6.0,0.55,12.8,True,0.0,matthieu epolo,matthieu epolo,standard liege,2005,2005,4000000,680218,2005-01-15,20,first+last+birth_year
matthis riou,fr FRA,MF,La Louvière,0.0,2001,0.0,0,0,0.0,0.0,0,0,1,1,100.0,0,0,0,0,,,,,,,,,,,,,,,,,,,,,,,,,,,,False,0.0,matthis riou,matthis riou,la louviere,2001,2001,500000,806043,2001-01-19,24,first+last+birth_year
mauricio benitez,ar ARG,MF,Antwerp,0.0,2004,3.6,1,0,0.5,0.3,7,2,134,170,78.82,13,7,2,5,,,,,,,,,,,,,,,,,,,,,,,,,,,,False,0.0,mauricio benitez,mauricio benitez,antwerp,2004,2004,800000,1055055,2004-02-03,21,first+last+birth_year
maxence maisonneuve,fr FRA,DF,La Louvière,0.0,1999,6.0,0,0,0.2,0.1,5,0,149,192,77.6,4,2,3,4,,,,,,,,,,,,,,,,,,,,,,,,,,,,False,0.0,maxence maisonneuve,maxence maisonneuve,la louviere,1999,1999,500000,589273,1999-02-11,26,first+last+birth_year
maxime delanghe,be BEL,GK,Cercle Brugge,0.0,2001,9.8,0,0,0.0,0.0,0,0,167,270,61.85,0,0,0,0,14.0,1.43,43.0,29.0,69.8,3.0,30.0,1.0,1.0,0.0,0.0,12.6,0.28,-1.4,-0.14,41.0,133.0,30.8,223.0,23.0,41.7,36.2,3.0,2.4,15.0,1.53,16.0,True,0.0,maxime delanghe,maxime delanghe,cercle brugge,2001,2001,1700000,409490,2001-05-23,24,first+last+birth_year
maxime pau,fr FRA,"MF,FW",La Louvière,0.0,2000,5.1,0,0,0.3,1.2,4,1,103,181,56.91,8,6,5,3,,,,,,,,,,,,,,,,,,,,,,,,,,,,False,0.0,maxime pau,maxime pau,la louviere,2000,2000,350000,395245,2000-03-31,25,first+last+birth_year
mehdi boukamir,ma MAR,DF,Charleroi,0.0,2004,1.0,0,0,0.0,0.0,0,0,15,23,65.22,2,1,2,1,,,,,,,,,,,,,,,,,,,,,,,,,,,,False,0.0,mehdi boukamir,mehdi boukamir,charleroi,2004,2004,500000,860048,2004-01-26,21,first+last+birth_year
micha skoras,pl POL,"DF,MF",Gent,0.0,2000,4.4,2,3,0.8,1.6,7,3,171,226,75.66,6,5,6,7,,,,,,,,,,,,,,,,,,,,,,,,,,,,False,0.0,micha skoras,micha skoras,gent,2000,2000,3000000,393565,2000-02-15,25,fuzzy_global(96.0)
michael verrips,nl NED,GK,Dender,0.0,1996,9.0,0,0,0.0,0.0,0,0,248,367,67.57,0,0,0,1,13.0,1.44,33.0,20.0,66.7,2.0,22.2,2.0,2.0,0.0,0.0,13.1,0.34,0.1,0.01,47.0,157.0,29.9,309.0,39.0,40.1,34.1,5.0,3.4,4.0,0.44,12.6,True,0.0,michael verrips,michael verrips,dender,1996,1996,800000,288259,1996-12-03,28,first+last+birth_year
michel-ange balikwisha,be BEL,MF,Antwerp,0.0,2001,3.8,1,0,1.0,0.2,2,1,85,112,75.89,11,7,7,4,,,,,,,,,,,,,,,,,,,,,,,,,,,,False,0.0,michel ange balikwisha,michel balikwisha,antwerp,2001,2001,,,nan,,
mihajlo cvetkovic,rs SRB,FW,Anderlecht,0.0,2007,1.0,2,0,1.3,0.0,3,2,18,29,62.07,0,0,0,0,,,,,,,,,,,,,,,,,,,,,,,,,,,,False,0.0,mihajlo cvetkovic,mihajlo cvetkovic,anderlecht,2007,2007,5000000,897510,2007-01-10,18,first+last+birth_year
mihajlo ilic,rs SRB,FW,Anderlecht,0.0,2003,0.0,0,0,0.0,0.0,0,0,1,2,50.0,0,0,0,0,,,,,,,,,,,,,,,,,,,,,,,,,,,,False,0.0,mihajlo ilic,mihajlo ilic,anderlecht,2003,2003,3500000,845566,2003-06-04,22,first+last+birth_year
mo guindo,ml MLI,FW,La Louvière,0.0,2003,5.2,0,0,1.2,0.1,14,3,26,52,50.0,5,3,4,2,,,,,,,,,,,,,,,,,,,,,,,,,,,,False,0.0,mo guindo,mo guindo,la louviere,2003,2003,,,nan,,
mohamed berte,be BEL,FW,Dender,0.0,2002,2.2,0,0,0.6,0.7,6,2,21,31,67.74,0,0,0,0,,,,,,,,,,,,,,,,,,,,,,,,,,,,False,0.0,mohamed berte,mohamed berte,dender,2002,2002,1200000,895402,2002-03-25,23,first+last+birth_year
mohamed el hankouri,ma MAR,MF,Standard Liège,0.0,1997,1.0,0,0,0.1,0.0,2,1,30,34,88.24,1,1,2,3,,,,,,,,,,,,,,,,,,,,,,,,,,,,False,0.0,mohamed el hankouri,mohamed hankouri,standard liege,1997,1997,2000000,384587,1997-07-01,28,fuzzy_global(97.43589743589743)
mohammed el adfaoui,be BEL,"MF,DF",Gent,0.0,2008,0.8,0,1,0.1,0.5,2,0,41,57,71.93,2,0,0,0,,,,,,,,,,,,,,,,,,,,,,,,,,,,False,0.0,mohammed el adfaoui,mohammed adfaoui,gent,2008,2008,1000000,1105542,2008-02-28,17,first+last+birth_year
mohammed fuseini,gh GHA,FW,Union SG,0.0,2002,0.3,0,0,0.1,0.0,2,0,2,3,66.67,0,0,0,0,,,,,,,,,,,,,,,,,,,,,,,,,,,,False,0.0,mohammed fuseini,mohammed fuseini,union sg,2002,2002,3500000,979410,2002-05-16,23,first+last+birth_year
moise sahi dion,ci CIV,"FW,MF",Dender,0.0,2001,0.7,0,0,0.1,0.0,1,0,22,24,91.67,0,0,0,0,,,,,,,,,,,,,,,,,,,,,,,,,,,,False,0.0,moise sahi dion,moise dion,dender,2001,2001,1000000,880330,2001-12-20,23,first+last+birth_year
momodou sonko,se SWE,"DF,MF",Gent,0.0,2005,2.1,0,0,0.2,0.4,4,0,102,140,72.86,5,4,2,0,,,,,,,,,,,,,,,,,,,,,,,,,,,,False,0.0,momodou sonko,momodou sonko,gent,2005,2005,2500000,929876,2005-01-31,20,first+last+birth_year
moncef zekri,ma MAR,"DF,FW",Mechelen,0.0,2008,6.2,0,0,0.1,0.2,3,3,156,211,73.93,12,7,9,8,,,,,,,,,,,,,,,,,,,,,,,,,,,,False,0.0,moncef zekri,moncef zekri,mechelen,2008,2008,2500000,1263687,2008-09-20,17,first+last+birth_year
mory konate,gn GUI,DF,Mechelen,0.0,1993,7.2,1,1,0.4,0.2,4,2,257,279,92.11,6,4,14,4,,,,,,,,,,,,,,,,,,,,,,,,,,,,False,0.0,mory konate,mory konate,mechelen,1993,1993,500000,364370,1993-11-15,31,first+last+birth_year
mouhamed belkheir,fr FRA,FW,La Louvière,0.0,1999,1.9,0,0,0.5,0.0,4,2,13,17,76.47,1,1,3,0,,,,,,,,,,,,,,,,,,,,,,,,,,,,False,0.0,mouhamed belkheir,mouhamed belkheir,la louviere,1999,1999,700000,394127,1999-01-02,26,first+last+birth_year
moussa n'diaye,sn SEN,DF,Anderlecht,0.0,2002,4.9,0,0,0.2,0.1,5,1,282,346,81.5,17,9,3,6,,,,,,,,,,,,,,,,,,,,,,,,,,,,False,0.0,moussa n diaye,moussa diaye,anderlecht,2002,2002,3000000,649022,2002-06-18,23,first+last+birth_year
muhammadali orinboyev,uz UZB,"FW,DF",Antwerp,0.0,2005,1.1,0,0,0.1,0.1,3,0,36,63,57.14,3,0,0,0,,,,,,,,,,,,,,,,,,,,,,,,,,,,False,0.0,muhammadali orinboyev,muhammadali orinboyev,antwerp,2005,2005,,,nan,,
mujaid sadick,es ESP,DF,Genk,0.0,2000,10.4,1,0,1.1,0.0,3,1,646,679,95.14,22,11,10,11,,,,,,,,,,,,,,,,,,,,,,,,,,,,False,0.0,mujaid sadick,mujaid sadick,genk,2000,2000,8000000,497663,2000-03-14,25,first+last+birth_year
myron van brederode,nl NED,FW,Mechelen,0.0,2003,3.1,2,1,0.1,1.3,3,2,73,93,78.49,3,2,3,1,,,,,,,,,,,,,,,,,,,,,,,,,,,,False,0.0,myron van brederode,myron brederode,mechelen,2003,2003,3000000,650712,2003-07-06,22,first+last+birth_year
nacho ferri,es ESP,FW,Westerlo,0.0,2004,8.9,4,1,4.7,0.7,27,10,82,149,55.03,11,7,7,1,,,,,,,,,,,,,,,,,,,,,,,,,,,,False,0.0,nacho ferri,nacho ferri,westerlo,2004,2004,3000000,867357,2004-10-05,21,first+last+birth_year
nacho miras,es ESP,GK,Mechelen,0.0,1997,6.0,0,0,0.0,0.0,0,0,138,209,66.03,0,0,0,0,6.0,1.0,40.0,33.0,92.5,2.0,33.3,4.0,3.0,1.0,0.0,10.8,0.2,4.8,0.79,35.0,99.0,35.4,165.0,36.0,39.4,35.6,8.0,5.4,10.0,1.67,15.2,True,0.0,nacho miras,nacho miras,mechelen,1997,1997,700000,685106,1997-07-19,28,first+last+birth_year
nachon nsingi,be BEL,"FW,MF",OH Leuven,0.0,2001,0.6,0,0,0.0,0.1,0,0,5,7,71.43,0,0,0,0,,,,,,,,,,,,,,,,,,,,,,,,,,,,False,0.0,nachon nsingi,nachon nsingi,oh leuven,2001,2001,400000,707802,2001-04-24,24,first+last+birth_year
nail moutha-sebtaoui,be BEL,"DF,FW",Dender,0.0,2005,0.8,0,0,0.0,0.0,0,0,28,45,62.22,0,0,0,1,,,,,,,,,,,,,,,,,,,,,,,,,,,,False,0.0,nail moutha sebtaoui,nail sebtaoui,dender,2005,2005,300000,748808,2005-11-17,19,first+last+birth_year
nathan de cat,be BEL,MF,Anderlecht,0.0,2008,9.1,1,1,0.4,0.7,9,1,254,346,73.41,16,8,5,11,,,,,,,,,,,,,,,,,,,,,,,,,,,,False,0.0,nathan de cat,nathan cat,anderlecht,2008,2008,7000000,1105541,2008-07-19,17,first+last+birth_year
nathan rodes,be BEL,"MF,FW",Dender,0.0,1997,8.3,0,0,0.4,0.5,6,1,229,315,72.7,11,10,7,4,,,,,,,,,,,,,,,,,,,,,,,,,,,,False,0.0,nathan rodes,nathan rodes,dender,1997,1997,1400000,481171,1997-12-11,27,first+last+birth_year
nathan saliba,ca CAN,"MF,FW",Anderlecht,0.0,2004,5.9,1,1,1.2,0.7,16,6,194,262,74.05,19,9,5,1,,,,,,,,,,,,,,,,,,,,,,,,,,,,False,0.0,nathan saliba,nathan saliba,anderlecht,2004,2004,3500000,842420,2004-02-07,21,first+last+birth_year
nayel mehssatou,cl CHI,"MF,FW",Standard Liège,0.0,2002,3.7,0,0,0.3,0.2,4,3,100,127,78.74,3,2,2,2,,,,,,,,,,,,,,,,,,,,,,,,,,,,False,0.0,nayel mehssatou,nayel mehssatou,standard liege,2002,2002,2200000,486053,2002-04-11,23,first+last+birth_year
nicolo tresoldi,de GER,FW,Club Brugge,0.0,2004,7.8,3,1,3.2,1.5,25,8,69,95,72.63,9,6,1,0,,,,,,,,,,,,,,,,,,,,,,,,,,,,False,0.0,nicolo tresoldi,nicolo tresoldi,club brugge,2004,2004,9000000,717329,2004-08-20,21,first+last+birth_year
nikola mituljikic,rs SRB,"MF,FW",Zulte Waregem,0.0,2003,0.3,0,0,0.0,0.0,0,0,9,10,90.0,0,0,0,0,,,,,,,,,,,,,,,,,,,,,,,,,,,,False,0.0,nikola mituljikic,nikola mituljikic,zulte waregem,2003,2003,800000,706554,2003-01-20,22,key+birth_year
nikola storm,be BEL,FW,Mechelen,0.0,1994,0.8,0,0,0.0,0.0,0,0,18,29,62.07,0,0,1,0,,,,,,,,,,,,,,,,,,,,,,,,,,,,False,0.0,nikola storm,nikola storm,mechelen,1994,1994,,,nan,,
nikola stulic,rs SRB,FW,Charleroi,0.0,2001,2.4,1,0,0.3,0.1,3,2,31,40,77.5,0,0,2,0,,,,,,,,,,,,,,,,,,,,,,,,,,,,False,0.0,nikola stulic,nikola stulic,charleroi,2001,2001,,,nan,,
nikolas sattlberger,at AUT,MF,Genk,0.0,2004,4.6,0,1,0.2,0.9,3,2,139,160,86.88,8,7,3,4,,,,,,,,,,,,,,,,,,,,,,,,,,,,False,0.0,nikolas sattlberger,nikolas sattlberger,genk,2004,2004,3500000,669632,2004-01-18,21,first+last+birth_year
nils de wilde,be BEL,"MF,FW",Cercle Brugge,0.0,2003,0.6,0,0,0.0,0.3,1,0,22,33,66.67,0,0,1,1,,,,,,,,,,,,,,,,,,,,,,,,,,,,False,0.0,nils de wilde,nils wilde,cercle brugge,2003,2003,400000,565431,2003-01-27,22,first+last+birth_year
nilson angulo,ec ECU,"FW,MF",Anderlecht,0.0,2003,9.3,1,4,0.6,3.3,12,5,302,402,75.12,35,20,11,8,,,,,,,,,,,,,,,,,,,,,,,,,,,,False,0.0,nilson angulo,nilson angulo,anderlecht,2003,2003,4500000,903611,2003-06-19,22,first+last+birth_year
noah adedeji,be BEL,FW,Genk,0.0,2005,5.6,0,0,0.6,0.7,10,2,195,256,76.17,9,5,7,4,,,,,,,,,,,,,,,,,,,,,,,,,,,,False,0.0,noah adedeji,noah adedeji,genk,2005,2005,5000000,912436,2005-06-19,20,fuzzy_global(100.0)
noah mbamba,be BEL,MF,Dender,0.0,2005,9.0,0,0,0.9,0.3,6,3,273,335,81.49,29,18,5,11,,,,,,,,,,,,,,,,,,,,,,,,,,,,False,0.0,noah mbamba,noah mbamba,dender,2005,2005,1500000,743395,2005-01-05,20,first+last+birth_year
noe dussenne,be BEL,DF,OH Leuven,0.0,1992,6.9,0,0,0.1,0.5,2,0,353,452,78.1,10,5,3,9,,,,,,,,,,,,,,,,,,,,,,,,,,,,False,0.0,noe dussenne,noe dussenne,oh leuven,1992,1992,400000,160736,1992-04-07,33,first+last+birth_year
nolan gillot,fr FRA,"MF,FW",La Louvière,0.0,2002,0.3,0,0,0.0,0.1,1,0,7,14,50.0,0,0,2,0,,,,,,,,,,,,,,,,,,,,,,,,,,,,False,0.0,nolan gillot,nolan gillot,la louviere,2002,2002,250000,808128,2002-10-31,22,first+last+birth_year
nordin jackers,be BEL,GK,Club Brugge,0.0,1997,10.0,0,0,0.0,0.0,0,0,290,359,80.78,1,1,0,0,10.0,1.0,36.0,26.0,75.0,5.0,50.0,1.0,1.0,0.0,0.0,9.3,0.23,-0.7,-0.07,54.0,112.0,48.2,312.0,48.0,30.8,30.5,5.0,3.9,13.0,1.3,14.4,True,0.0,nordin jackers,nordin jackers,club brugge,1997,1997,1200000,250543,1997-09-05,28,first+last+birth_year
oh hyeon-gyu,kr KOR,FW,Genk,0.0,2001,6.8,3,2,4.5,1.3,27,13,79,93,84.95,7,5,4,1,,,,,,,,,,,,,,,,,,,,,,,,,,,,False,0.0,oh hyeon gyu,oh gyu,genk,2001,2001,6000000,639246,2001-04-12,24,fuzzy_global(100.0)
oluwaseun adewumi,at AUT,"MF,FW",Cercle Brugge,0.0,2005,3.4,1,0,2.1,0.1,11,6,50,69,72.46,3,1,3,1,,,,,,,,,,,,,,,,,,,,,,,,,,,,False,0.0,oluwaseun adewumi,oluwaseun adewumi,cercle brugge,2005,2005,350000,982081,2005-02-23,20,first+last+birth_year
omri gandelman,il ISR,MF,Gent,0.0,2000,7.7,4,1,3.3,0.6,14,5,158,203,77.83,6,5,4,4,,,,,,,,,,,,,,,,,,,,,,,,,,,,False,0.0,omri gandelman,omri gandelman,gent,2000,2000,4000000,780548,2000-05-16,25,first+last+birth_year
ortwin de wolf,be BEL,GK,Mechelen,0.0,1997,5.0,0,0,0.0,0.0,0,0,139,181,76.8,0,0,0,0,6.0,1.2,18.0,14.0,72.2,1.0,20.0,1.0,1.0,0.0,0.0,4.9,0.23,0.9,0.18,23.0,62.0,37.1,150.0,22.0,27.3,33.3,3.0,3.4,3.0,0.6,13.4,True,0.0,ortwin de wolf,ortwin wolf,mechelen,1997,1997,1500000,450218,1997-04-23,28,first+last+birth_year
oscar gil,es ESP,"DF,MF",OH Leuven,0.0,1997,8.0,0,0,0.7,0.4,2,1,157,203,77.34,23,15,13,13,,,,,,,,,,,,,,,,,,,,,,,,,,,,False,0.0,oscar gil,oscar gil,oh leuven,1997,1997,700000,544106,1998-04-26,27,
oucasse mendy,fr FRA,FW,La Louvière,0.0,2001,6.0,1,0,0.8,0.7,6,2,43,66,65.15,5,4,14,2,,,,,,,,,,,,,,,,,,,,,,,,,,,,False,0.0,oucasse mendy,oucasse mendy,la louviere,2001,2001,400000,859536,2001-06-01,24,first+last+birth_year
oumar diakite,ci CIV,FW,Cercle Brugge,0.0,2003,4.3,1,0,0.9,0.7,7,2,67,93,72.04,4,3,2,2,,,,,,,,,,,,,,,,,,,,,,,,,,,,False,0.0,oumar diakite,oumar diakite,cercle brugge,2003,2003,6000000,847279,2003-12-20,21,first+last+birth_year
ousseynou niang,sn SEN,DF,Union SG,0.0,2001,9.7,2,2,0.9,0.7,14,6,275,364,75.55,19,12,14,2,,,,,,,,,,,,,,,,,,,,,,,,,,,,False,0.0,ousseynou niang,ousseynou niang,union sg,2001,2001,6000000,509463,2001-10-12,24,first+last+birth_year
owen maes,fr FRA,MF,La Louvière,0.0,1998,6.7,0,1,0.4,0.6,10,4,74,153,48.37,14,8,11,7,,,,,,,,,,,,,,,,,,,,,,,,,,,,False,0.0,owen maes,owen maes,la louviere,1998,1998,500000,593286,1998-09-24,27,first+last+birth_year
pape moussa fall,sn SEN,FW,La Louvière,0.0,2004,1.2,0,0,0.4,0.0,5,2,13,29,44.83,1,0,1,1,,,,,,,,,,,,,,,,,,,,,,,,,,,,False,0.0,pape moussa fall,pape fall,la louviere,2004,2004,500000,1176295,2004-07-04,21,first+last+birth_year
parfait guiagon,ci CIV,FW,Charleroi,0.0,2001,6.5,3,1,2.0,1.1,17,4,217,282,76.95,5,3,3,4,,,,,,,,,,,,,,,,,,,,,,,,,,,,False,0.0,parfait guiagon,parfait guiagon,charleroi,2001,2001,4000000,624913,2001-02-22,24,first+last+birth_year
patrick pflucke,de GER,"DF,FW",Mechelen,0.0,1996,3.2,0,1,0.5,1.2,7,2,86,120,71.67,3,2,4,0,,,,,,,,,,,,,,,,,,,,,,,,,,,,False,0.0,patrick pflucke,patrick pflucke,mechelen,1996,1996,1600000,159522,1996-11-30,28,first+last+birth_year
patrik hrosovsky,sk SVK,MF,Genk,0.0,1992,4.7,1,0,0.7,0.3,12,4,210,248,84.68,10,4,5,4,,,,,,,,,,,,,,,,,,,,,,,,,,,,False,0.0,patrik hrosovsky,patrik hrosovsky,genk,1992,1992,2700000,217879,1992-04-22,33,first+last+birth_year
pieter gerkens,be BEL,MF,Cercle Brugge,0.0,1995,11.0,2,0,2.4,1.7,15,4,289,375,77.07,13,9,13,9,,,,,,,,,,,,,,,,,,,,,,,,,,,,False,0.0,pieter gerkens,pieter gerkens,cercle brugge,1995,1995,700000,183383,1995-02-17,30,first+last+birth_year
promise david,ca CAN,FW,Union SG,0.0,2001,4.9,4,0,3.8,0.0,18,5,48,88,54.55,1,1,6,1,,,,,,,,,,,,,,,,,,,,,,,,,,,,False,0.0,promise david,promise david,union sg,2001,2001,13000000,888785,2001-07-03,24,first+last+birth_year
quentin benaets,be BEL,DF,Charleroi,0.0,2003,0.1,0,0,0.0,0.0,0,0,2,4,50.0,0,0,1,0,,,,,,,,,,,,,,,,,,,,,,,,,,,,False,0.0,quentin benaets,quentin benaets,charleroi,2003,2003,100000,738770,2003-08-26,22,first+last+birth_year
raf smekens,be BEL,MF,Westerlo,0.0,2004,0.0,0,0,0.0,0.0,0,0,1,2,50.0,0,0,0,0,,,,,,,,,,,,,,,,,,,,,,,,,,,,False,0.0,raf smekens,raf smekens,westerlo,2004,2004,50000,655011,2004-01-29,21,first+last+birth_year
rafik belghali,dz ALG,DF,Mechelen,0.0,2002,2.7,0,0,0.0,0.2,1,0,132,156,84.62,5,2,2,4,,,,,,,,,,,,,,,,,,,,,,,,,,,,False,0.0,rafik belghali,rafik belghali,mechelen,2002,2002,,,nan,,
rafiki said,km COM,FW,Standard Liège,0.0,2000,8.4,2,1,1.9,1.6,25,6,132,180,73.33,10,8,9,6,,,,,,,,,,,,,,,,,,,,,,,,,,,,False,0.0,rafiki said,rafiki said,standard liege,2000,2000,2000000,780147,2000-03-15,25,first+last+birth_year
ragnar oratmangoen,id IDN,"MF,FW",Dender,0.0,1998,2.2,0,0,0.1,0.3,4,2,88,108,81.48,5,4,4,0,,,,,,,,,,,,,,,,,,,,,,,,,,,,False,0.0,ragnar oratmangoen,ragnar oratmangoen,dender,1998,1998,600000,410854,1998-01-21,27,first+last+birth_year
raphael onyedika,ng NGA,MF,Club Brugge,0.0,2001,5.0,0,0,0.7,0.0,5,3,270,298,90.6,13,8,6,5,,,,,,,,,,,,,,,,,,,,,,,,,,,,False,0.0,raphael onyedika,raphael onyedika,club brugge,2001,2001,20000000,699783,2001-04-19,24,first+last+birth_year
raul florucz,at AUT,FW,Union SG,0.0,2001,7.7,5,3,4.9,1.0,26,8,98,153,64.05,10,6,4,3,,,,,,,,,,,,,,,,,,,,,,,,,,,,False,0.0,raul florucz,raul florucz,union sg,2001,2001,4000000,449444,2001-06-10,24,first+last+birth_year
raymond asante,gh GHA,"DF,MF",Charleroi,0.0,2004,0.2,0,0,0.1,0.0,2,1,5,9,55.56,2,1,0,0,,,,,,,,,,,,,,,,,,,,,,,,,,,,False,0.0,raymond asante,raymond asante,charleroi,2004,2004,200000,1051609,2004-05-27,21,first+last+birth_year
redouane halhal,ma MAR,DF,Mechelen,0.0,2003,10.8,0,1,0.3,0.7,4,0,547,614,89.09,17,12,10,10,,,,,,,,,,,,,,,,,,,,,,,,,,,,False,0.0,redouane halhal,redouane halhal,mechelen,2003,2003,1500000,913660,2003-03-05,22,first+last+birth_year
rein van helden,be BEL,DF,Sint-Truiden,0.0,2002,9.3,0,0,0.1,0.1,2,0,464,537,86.41,16,13,4,10,,,,,,,,,,,,,,,,,,,,,,,,,,,,False,0.0,rein van helden,rein helden,sint truiden,2002,2002,2500000,706063,2002-07-24,23,first+last+birth_year
rene mitongo,be BEL,FW,Standard Liège,0.0,2008,0.6,0,0,0.2,0.2,2,0,6,9,66.67,0,0,1,0,,,,,,,,,,,,,,,,,,,,,,,,,,,,False,0.0,rene mitongo,rene mitongo,standard liege,2008,2008,250000,1241698,2008-01-18,17,first+last+birth_year
rihito yamamoto,jp JPN,MF,Sint-Truiden,0.0,2001,10.6,2,2,1.7,1.8,17,7,299,391,76.47,23,9,15,19,,,,,,,,,,,,,,,,,,,,,,,,,,,,False,0.0,rihito yamamoto,rihito yamamoto,sint truiden,2001,2001,1600000,432403,2001-12-12,23,first+last+birth_year
rob schoofs,be BEL,MF,Mechelen,0.0,1994,5.9,2,0,1.4,1.5,11,5,191,235,81.28,5,4,5,5,,,,,,,,,,,,,,,,,,,,,,,,,,,,False,0.0,rob schoofs,rob schoofs,mechelen,1994,1994,2200000,157396,1994-03-23,31,first+last+birth_year
robert-jan vanwesemael,be BEL,"FW,DF",Sint-Truiden,0.0,2002,10.0,1,1,1.0,0.9,13,4,342,467,73.23,17,11,12,12,,,,,,,,,,,,,,,,,,,,,,,,,,,,False,0.0,robert jan vanwesemael,robert vanwesemael,sint truiden,2002,2002,1000000,727528,2002-03-26,23,first+last+birth_year
robin mirisola,be BEL,FW,Genk,0.0,2006,1.7,1,1,1.3,0.8,3,1,23,37,62.16,2,2,0,0,,,,,,,,,,,,,,,,,,,,,,,,,,,,False,0.0,robin mirisola,robin mirisola,genk,2006,2006,1800000,952439,2006-12-08,18,first+last+birth_year
roggerio nyakossi,ch SUI,DF,OH Leuven,0.0,2004,2.0,1,0,0.1,0.0,1,1,86,93,92.47,0,0,1,1,,,,,,,,,,,,,,,,,,,,,,,,,,,,False,0.0,roggerio nyakossi,roggerio nyakossi,oh leuven,2004,2004,500000,805484,2004-01-13,21,first+last+birth_year
roman kvet,cz CZE,"FW,MF",Dender,0.0,1997,10.4,1,0,1.8,1.1,16,4,329,440,74.77,16,10,7,6,,,,,,,,,,,,,,,,,,,,,,,,,,,,False,0.0,roman kvet,roman kvet,dender,1997,1997,1500000,400649,1997-12-17,27,first+last+birth_year
roman neustadter,ru RUS,DF,Westerlo,0.0,1988,3.0,0,0,0.1,0.2,1,0,191,200,95.5,4,2,6,3,,,,,,,,,,,,,,,,,,,,,,,,,,,,False,0.0,roman neustadter,roman neustadter,westerlo,1988,1988,150000,40478,1988-02-18,37,first+last+birth_year
romeo vermant,be BEL,"FW,MF",Club Brugge,0.0,2004,3.8,1,2,1.5,1.0,11,1,58,86,67.44,3,1,3,0,,,,,,,,,,,,,,,,,,,,,,,,,,,,False,0.0,romeo vermant,romeo vermant,club brugge,2004,2004,8000000,708454,2004-01-24,21,first+last+birth_year
rosen bozhinov,bg BUL,DF,Antwerp,0.0,2005,9.4,1,0,0.4,0.2,7,3,481,524,91.79,11,6,15,10,,,,,,,,,,,,,,,,,,,,,,,,,,,,False,0.0,rosen bozhinov,rosen bozhinov,antwerp,2005,2005,2500000,877124,2005-01-23,20,first+last+birth_year
ross sykes,eng ENG,DF,Union SG,0.0,1999,4.1,1,0,0.7,0.2,9,5,191,235,81.28,6,3,5,9,,,,,,,,,,,,,,,,,,,,,,,,,,,,False,0.0,ross sykes,ross sykes,union sg,1999,1999,2200000,450958,1999-03-26,26,first+last+birth_year
ryan adewusi,be BEL,FW,Dender,0.0,2005,0.3,0,0,0.0,0.0,0,0,6,8,75.0,0,0,0,0,,,,,,,,,,,,,,,,,,,,,,,,,,,,False,0.0,ryan adewusi,ryan adewusi,dender,2005,2005,100000,1430787,2005-02-04,20,first+last+birth_year
ryan merlen,fr FRA,"MF,FW",Sint-Truiden,0.0,2002,1.5,0,0,0.6,1.2,6,0,92,117,78.63,2,2,1,1,,,,,,,,,,,,,,,,,,,,,,,,,,,,False,0.0,ryan merlen,ryan merlen,sint truiden,2002,2002,750000,538970,2002-05-11,23,first+last+birth_year
ryan teague,au AUS,MF,Mechelen,0.0,2002,0.4,0,0,0.0,0.0,0,0,14,20,70.0,1,0,2,0,,,,,,,,,,,,,,,,,,,,,,,,,,,,False,0.0,ryan teague,ryan teague,mechelen,2002,2002,650000,616431,2002-01-24,23,first+last+birth_year
ryotaro ito,jp JPN,MF,Sint-Truiden,0.0,1998,7.8,3,1,2.2,2.5,12,5,351,454,77.31,5,0,5,2,,,,,,,,,,,,,,,,,,,,,,,,,,,,False,0.0,ryotaro ito,ryotaro ito,sint truiden,1998,1998,3500000,415522,1998-02-06,27,first+last+birth_year
sami lahssaini,be BEL,MF,La Louvière,0.0,1998,10.9,0,1,0.1,0.5,3,0,238,326,73.01,16,8,10,13,,,,,,,,,,,,,,,,,,,,,,,,,,,,False,0.0,sami lahssaini,sami lahssaini,la louviere,1998,1998,600000,535706,1998-09-18,27,first+last+birth_year
samuel gueulette,rw RWA,MF,La Louvière,0.0,2000,2.0,0,0,0.2,0.0,4,1,37,50,74.0,9,4,1,1,,,,,,,,,,,,,,,,,,,,,,,,,,,,False,0.0,samuel gueulette,samuel gueulette,la louviere,2000,2000,500000,705416,2000-05-19,25,first+last+birth_year
samuel kotto,cm CMR,DF,Gent,0.0,2003,3.1,0,0,0.1,0.0,2,0,227,251,90.44,5,4,2,2,,,,,,,,,,,,,,,,,,,,,,,,,,,,False,0.0,samuel kotto,samuel kotto,gent,2003,2003,1200000,863900,2003-09-03,22,first+last+birth_year
sebastian murru,be BEL,MF,OH Leuven,0.0,2007,0.0,0,0,0.0,0.0,0,0,4,6,66.67,0,0,0,0,,,,,,,,,,,,,,,,,,,,,,,,,,,,False,0.0,sebastian murru,sebastian murru,oh leuven,2007,2007,,,nan,,
seiji kimura,jp JPN,DF,Westerlo,0.0,2001,7.5,0,0,0.2,0.0,4,0,300,338,88.76,10,7,10,5,,,,,,,,,,,,,,,,,,,,,,,,,,,,False,0.0,seiji kimura,seiji kimura,westerlo,2001,2001,550000,501749,2001-08-24,24,first+last+birth_year
sekou sidibe,be BEL,"FW,DF",La Louvière,0.0,2001,1.4,0,0,0.1,0.0,2,1,16,32,50.0,1,0,0,2,,,,,,,,,,,,,,,,,,,,,,,,,,,,False,0.0,sekou sidibe,sekou sidibe,la louviere,2001,2001,250000,409513,2001-05-05,24,first+last+birth_year
semm renders,be BEL,DF,Antwerp,0.0,2007,1.4,0,0,0.0,0.0,0,0,31,45,68.89,7,3,3,2,,,,,,,,,,,,,,,,,,,,,,,,,,,,False,0.0,semm renders,semm renders,antwerp,2007,2007,1500000,1186563,2007-12-17,17,first+last+birth_year
senne lammens,be BEL,GK,Antwerp,0.0,2002,4.0,0,0,0.0,0.0,0,0,118,200,59.0,0,0,0,0,4.0,1.0,15.0,10.0,73.3,0.0,0.0,1.0,0.0,1.0,0.0,5.2,0.29,1.2,0.3,30.0,105.0,28.6,176.0,22.0,47.2,39.5,11.0,16.4,4.0,1.0,10.5,True,0.0,senne lammens,senne lammens,antwerp,2002,2002,,,nan,,
serhiy sydorchuk,ua UKR,MF,Westerlo,0.0,1991,0.6,0,0,0.0,0.0,0,0,21,23,91.3,1,0,0,1,,,,,,,,,,,,,,,,,,,,,,,,,,,,False,0.0,serhiy sydorchuk,serhiy sydorchuk,westerlo,1991,1991,500000,124182,1991-05-02,34,fuzzy_global(93.75)
serxho ujka,al ALB,"MF,FW",Zulte Waregem,0.0,1998,3.5,1,0,0.3,0.1,4,2,57,98,58.16,9,5,6,2,,,,,,,,,,,,,,,,,,,,,,,,,,,,False,0.0,serxho ujka,serxho ujka,zulte waregem,1998,1998,500000,597289,1998-08-27,27,key+birth_year
shandre campbell,za RSA,"FW,DF",Club Brugge,0.0,2005,0.3,1,0,0.0,0.2,1,1,15,21,71.43,1,1,1,0,,,,,,,,,,,,,,,,,,,,,,,,,,,,False,0.0,shandre campbell,shandre campbell,club brugge,2005,2005,1000000,1159786,2005-07-15,20,first+last+birth_year
shogo taniguchi,jp JPN,DF,Sint-Truiden,0.0,1991,6.0,0,0,0.2,0.4,2,0,331,381,86.88,9,4,4,10,,,,,,,,,,,,,,,,,,,,,,,,,,,,False,0.0,shogo taniguchi,shogo taniguchi,sint truiden,1991,1991,800000,307870,1991-07-15,34,first+last+birth_year
siebe schrijvers,be BEL,MF,OH Leuven,0.0,1996,9.8,0,1,0.6,1.2,8,0,248,355,69.86,26,16,17,7,,,,,,,,,,,,,,,,,,,,,,,,,,,,False,0.0,siebe schrijvers,siebe schrijvers,oh leuven,1996,1996,1500000,208552,1996-07-18,29,first+last+birth_year
siebe van der heyden,be BEL,DF,Gent,0.0,1998,8.9,0,0,0.3,0.3,7,2,474,558,84.95,9,5,6,20,,,,,,,,,,,,,,,,,,,,,,,,,,,,False,0.0,siebe van der heyden,siebe heyden,gent,1998,1998,2500000,400131,1998-05-30,27,first+last+birth_year
simen juklerd,no NOR,DF,Sint-Truiden,0.0,1994,0.7,0,2,0.0,0.3,0,0,26,48,54.17,1,1,0,1,,,,,,,,,,,,,,,,,,,,,,,,,,,,False,0.0,simen juklerd,simen juklerd,sint truiden,1994,1994,300000,230985,1994-05-18,31,fuzzy_global(96.29629629629629)
simon mignolet,be BEL,GK,Club Brugge,0.0,1988,1.0,0,0,0.0,0.0,0,0,39,46,84.78,0,0,0,0,1.0,1.0,9.0,8.0,88.9,0.0,0.0,0.0,0.0,0.0,0.0,1.3,0.15,0.3,0.31,4.0,9.0,44.4,41.0,3.0,19.5,27.8,0.0,0.0,0.0,0.0,12.2,True,0.0,simon mignolet,simon mignolet,club brugge,1988,1988,1200000,50219,1988-03-06,37,first+last+birth_year
sofiane boufal,ma MAR,"MF,FW",Union SG,0.0,1993,1.5,0,1,0.4,1.1,5,2,46,59,77.97,3,2,0,0,,,,,,,,,,,,,,,,,,,,,,,,,,,,False,0.0,sofiane boufal,sofiane boufal,union sg,1993,1993,3000000,232271,1993-09-17,32,first+last+birth_year
sory kaba,gn GUI,FW,OH Leuven,0.0,1995,3.2,1,0,0.7,0.1,7,1,18,49,36.73,1,1,4,0,,,,,,,,,,,,,,,,,,,,,,,,,,,,False,0.0,sory kaba,sory kaba,oh leuven,1995,1995,1000000,355689,1995-07-28,30,first+last+birth_year
stavros gavriel,cy CYP,"FW,MF",Zulte Waregem,0.0,2002,4.0,0,1,0.7,0.4,12,4,74,118,62.71,1,0,2,1,,,,,,,,,,,,,,,,,,,,,,,,,,,,False,0.0,stavros gavriel,stavros gavriel,zulte waregem,2002,2002,800000,613983,2002-01-29,23,key+birth_year
steve ngoura,fr FRA,FW,Cercle Brugge,0.0,2005,8.8,4,2,3.6,1.2,25,6,93,152,61.18,4,3,4,0,,,,,,,,,,,,,,,,,,,,,,,,,,,,False,0.0,steve ngoura,steve ngoura,cercle brugge,2005,2005,2000000,923838,2005-02-22,20,first+last+birth_year
taiga hata,jp JPN,DF,Sint-Truiden,0.0,2002,10.3,0,1,1.1,0.5,4,2,406,534,76.03,12,7,13,4,,,,,,,,,,,,,,,,,,,,,,,,,,,,False,0.0,taiga hata,taiga hata,sint truiden,2002,2002,1000000,570572,2002-01-20,23,first+last+birth_year
taishi nozawa,jp JPN,GK,Antwerp,0.0,2002,2.0,0,0,0.0,0.0,0,0,37,59,62.71,0,0,0,0,2.0,1.0,6.0,4.0,66.7,0.0,0.0,0.0,0.0,0.0,0.0,2.3,0.39,0.3,0.16,12.0,32.0,37.5,48.0,8.0,45.8,38.9,3.0,12.5,2.0,1.0,13.6,True,0.0,taishi nozawa,taishi nozawa,antwerp,2002,2002,800000,617377,2002-12-25,22,first+last+birth_year
takahiro akimoto,jp JPN,"DF,MF",OH Leuven,0.0,1998,11.0,0,0,0.5,0.0,10,4,296,409,72.37,31,17,5,10,,,,,,,,,,,,,,,,,,,,,,,,,,,,False,0.0,takahiro akimoto,takahiro akimoto,oh leuven,1998,1998,1500000,733309,1998-01-31,27,first+last+birth_year
takuma ominami,jp JPN,DF,OH Leuven,0.0,1997,10.5,0,0,0.8,0.6,6,0,406,467,86.94,15,11,8,6,,,,,,,,,,,,,,,,,,,,,,,,,,,,False,0.0,takuma ominami,takuma ominami,oh leuven,1997,1997,1800000,423112,1997-12-13,27,first+last+birth_year
theo epailly,fr FRA,FW,La Louvière,0.0,1999,1.0,0,0,0.1,0.0,1,0,8,20,40.0,0,0,0,0,,,,,,,,,,,,,,,,,,,,,,,,,,,,False,0.0,theo epailly,theo epailly,la louviere,1999,1999,400000,395514,1999-02-10,26,first+last+birth_year
therence koudou,fr FRA,DF,Mechelen,0.0,2004,7.6,1,0,0.2,1.4,2,1,293,393,74.55,9,7,6,6,,,,,,,,,,,,,,,,,,,,,,,,,,,,False,0.0,therence koudou,therence koudou,mechelen,2004,2004,2000000,910176,2004-12-13,20,first+last+birth_year
thibaud verlinden,be BEL,"FW,MF",OH Leuven,0.0,1999,1.8,0,1,0.0,0.8,0,0,32,47,68.09,3,2,0,0,,,,,,,,,,,,,,,,,,,,,,,,,,,,False,0.0,thibaud verlinden,thibaud verlinden,oh leuven,1999,1999,1200000,338673,1999-07-09,26,first+last+birth_year
thibault vlietinck,be BEL,DF,OH Leuven,0.0,1997,1.8,0,0,0.0,0.1,0,0,39,60,65.0,6,5,2,0,,,,,,,,,,,,,,,,,,,,,,,,,,,,False,0.0,thibault vlietinck,thibault vlietinck,oh leuven,1997,1997,600000,249568,1997-08-19,28,first+last+birth_year
thibo somers,be BEL,"DF,FW",Antwerp,0.0,1999,11.0,1,0,1.5,0.6,14,6,221,341,64.81,27,15,5,8,,,,,,,,,,,,,,,,,,,,,,,,,,,,False,0.0,thibo somers,thibo somers,antwerp,1999,1999,2500000,719456,1999-03-16,26,first+last+birth_year
thierry lutonda,be BEL,"DF,FW",La Louvière,0.0,2000,8.4,0,0,0.7,0.2,8,3,130,204,63.73,11,8,7,4,,,,,,,,,,,,,,,,,,,,,,,,,,,,False,0.0,thierry lutonda,thierry lutonda,la louviere,2000,2000,450000,416802,2000-10-27,24,first+last+birth_year
thomas claes,be BEL,MF,Zulte Waregem,0.0,2004,10.5,2,1,0.7,0.8,15,9,392,460,85.22,18,10,16,6,,,,,,,,,,,,,,,,,,,,,,,,,,,,False,0.0,thomas claes,thomas claes,zulte waregem,2004,2004,700000,671682,2004-03-26,21,key+birth_year
thomas henry,fr FRA,FW,Standard Liège,0.0,1994,8.6,2,2,1.7,0.6,4,1,102,164,62.2,3,2,9,1,,,,,,,,,,,,,,,,,,,,,,,,,,,,False,0.0,thomas henry,thomas henry,standard liege,1994,1994,1000000,412513,1994-09-20,31,first+last+birth_year
thomas van den keybus,be BEL,"MF,FW",Westerlo,0.0,2001,6.0,0,0,1.1,0.3,15,4,181,228,79.39,12,8,4,2,,,,,,,,,,,,,,,,,,,,,,,,,,,,False,0.0,thomas van den keybus,thomas keybus,westerlo,2001,2001,800000,502298,2001-04-25,24,first+last+birth_year
thorgan hazard,be BEL,"MF,FW",Anderlecht,0.0,1993,8.0,4,2,3.6,2.0,20,9,235,329,71.43,13,8,6,6,,,,,,,,,,,,,,,,,,,,,,,,,,,,False,0.0,thorgan hazard,thorgan hazard,anderlecht,1993,1993,2500000,102226,1993-03-29,32,first+last+birth_year
tiago araujo,pt POR,DF,Gent,0.0,2001,4.5,0,1,0.2,0.6,3,0,253,351,72.08,3,2,4,4,,,,,,,,,,,,,,,,,,,,,,,,,,,,False,0.0,tiago araujo,tiago araujo,gent,2001,2001,1300000,481628,2001-03-27,24,first+last+birth_year
tibe de vlieger,be BEL,"MF,DF",Gent,0.0,2005,1.3,0,0,0.0,0.1,1,0,33,48,68.75,3,3,1,2,,,,,,,,,,,,,,,,,,,,,,,,,,,,False,0.0,tibe de vlieger,tibe vlieger,gent,2005,2005,600000,1019173,2005-11-05,19,first+last+birth_year
timothee nkada,fr FRA,"FW,MF",Standard Liège,0.0,1999,1.4,0,0,0.5,0.0,3,2,16,25,64.0,2,1,0,0,,,,,,,,,,,,,,,,,,,,,,,,,,,,False,0.0,timothee nkada,timothee nkada,standard liege,1999,1999,2500000,522788,1999-07-20,26,fuzzy_global(96.29629629629629)
tobe leysen,be BEL,GK,OH Leuven,0.0,2002,11.0,0,0,0.0,0.0,0,0,297,434,68.43,1,0,0,0,20.0,1.82,53.0,33.0,67.9,2.0,18.2,3.0,3.0,0.0,0.0,17.3,0.28,-2.7,-0.25,54.0,179.0,30.2,389.0,45.0,39.3,36.3,11.0,7.2,14.0,1.27,13.3,True,0.0,tobe leysen,tobe leysen,oh leuven,2002,2002,4000000,580434,2002-03-09,23,first+last+birth_year
tobias hedl,at AUT,FW,Zulte Waregem,0.0,2003,2.5,1,0,0.9,0.0,3,2,27,45,60.0,1,1,3,1,,,,,,,,,,,,,,,,,,,,,,,,,,,,False,0.0,tobias hedl,tobias hedl,zulte waregem,2003,2003,500000,548037,2003-01-15,22,key+birth_year
tobias lawal,at AUT,GK,Genk,0.0,2000,7.0,0,0,0.0,0.0,0,0,234,273,85.71,0,0,0,0,10.0,1.43,31.0,21.0,74.2,0.0,0.0,2.0,2.0,0.0,0.0,9.0,0.24,-1.0,-0.14,28.0,61.0,45.9,244.0,25.0,18.4,26.1,6.0,7.7,16.0,2.29,16.9,True,0.0,tobias lawal,tobias lawal,genk,2000,2000,3000000,393686,2000-06-07,25,first+last+birth_year
tobias mohr,de GER,"DF,FW",Standard Liège,0.0,1995,10.4,0,0,0.3,0.7,13,3,325,483,67.29,17,10,17,15,,,,,,,,,,,,,,,,,,,,,,,,,,,,False,0.0,tobias mohr,tobias mohr,standard liege,1995,1995,750000,153661,1995-08-24,30,first+last+birth_year
tochukwu nnadi,ng NGA,MF,Zulte Waregem,0.0,2003,9.4,0,0,0.1,0.1,2,0,377,449,83.96,22,14,7,11,,,,,,,,,,,,,,,,,,,,,,,,,,,,False,0.0,tochukwu nnadi,tochukwu nnadi,zulte waregem,2003,2003,800000,920470,2003-06-30,22,key+birth_year
tolu arokodare,ng NGA,FW,Genk,0.0,2000,0.9,1,0,0.3,0.0,6,2,21,35,60.0,0,0,1,0,,,,,,,,,,,,,,,,,,,,,,,,,,,,False,0.0,tolu arokodare,tolu arokodare,genk,2000,2000,,,nan,,
tommy st. jago,nl NED,DF,Mechelen,0.0,2000,1.3,0,0,0.0,0.0,0,0,60,75,80.0,4,2,3,1,,,,,,,,,,,,,,,,,,,,,,,,,,,,False,0.0,tommy st jago,tommy jago,mechelen,2000,2000,1000000,458734,2000-01-03,25,first+last+birth_year
tristan degreef,be BEL,"FW,DF",Anderlecht,0.0,2005,3.6,1,0,0.7,0.2,8,2,97,125,77.6,4,3,4,1,,,,,,,,,,,,,,,,,,,,,,,,,,,,False,0.0,tristan degreef,tristan degreef,anderlecht,2005,2005,2000000,903513,2005-01-19,20,first+last+birth_year
tuur rommens,be BEL,DF,Westerlo,0.0,2003,10.1,0,0,0.5,2.1,5,0,410,563,72.82,27,17,12,17,,,,,,,,,,,,,,,,,,,,,,,,,,,,False,0.0,tuur rommens,tuur rommens,westerlo,2003,2003,4000000,707621,2003-03-26,22,first+last+birth_year
ukasz akomy,pl POL,MF,OH Leuven,0.0,2001,5.5,0,1,0.3,0.5,10,5,160,237,67.51,8,6,5,4,,,,,,,,,,,,,,,,,,,,,,,,,,,,False,0.0,ukasz akomy,ukasz akomy,oh leuven,2001,2001,,,nan,,
valy konate,ci CIV,DF,Cercle Brugge,0.0,2006,0.1,0,0,0.0,0.0,0,0,3,5,60.0,1,1,0,0,,,,,,,,,,,,,,,,,,,,,,,,,,,,False,0.0,valy konate,valy konate,cercle brugge,2006,2006,250000,1120020,2006-11-14,18,first+last+birth_year
vetle dragsnes,no NOR,DF,Charleroi,0.0,1994,1.0,1,0,0.4,0.0,3,3,47,74,63.51,2,2,1,0,,,,,,,,,,,,,,,,,,,,,,,,,,,,False,0.0,vetle dragsnes,vetle dragsnes,charleroi,1994,1994,,,nan,,
vic chambaere,be BEL,GK,Union SG,0.0,2003,3.0,0,0,0.0,0.0,0,0,51,77,66.23,0,0,0,0,3.0,1.0,10.0,7.0,70.0,1.0,33.3,0.0,0.0,0.0,0.0,3.5,0.35,0.5,0.15,9.0,33.0,27.3,65.0,7.0,46.2,35.5,0.0,0.0,0.0,0.0,8.5,True,0.0,vic chambaere,vic chambaere,union sg,2003,2003,300000,565429,2003-01-10,22,first+last+birth_year
vincent janssen,nl NED,FW,Antwerp,0.0,1994,10.9,2,1,3.1,1.1,29,7,167,230,72.61,13,7,7,1,,,,,,,,,,,,,,,,,,,,,,,,,,,,False,0.0,vincent janssen,vincent janssen,antwerp,1994,1994,6000000,207015,1994-06-15,31,first+last+birth_year
visar musliu,mk MKD,DF,Sint-Truiden,0.0,1994,10.0,0,0,0.2,0.1,6,1,498,572,87.06,16,6,16,22,,,,,,,,,,,,,,,,,,,,,,,,,,,,False,0.0,visar musliu,visar musliu,sint truiden,1994,1994,900000,207623,1994-11-13,30,first+last+birth_year
wagane faye,sn SEN,DF,La Louvière,0.0,1993,11.0,1,1,0.2,0.3,4,1,280,424,66.04,22,14,12,9,,,,,,,,,,,,,,,,,,,,,,,,,,,,False,0.0,wagane faye,wagane faye,la louviere,1993,1993,300000,463133,1993-11-20,31,first+last+birth_year
warleson,br BRA,GK,Cercle Brugge,0.0,1996,1.2,0,0,0.0,0.0,0,0,25,40,62.5,0,0,0,0,2.0,1.67,12.0,10.0,83.3,0.0,0.0,0.0,0.0,0.0,0.0,3.9,0.33,1.9,1.62,2.0,15.0,13.3,34.0,5.0,41.2,35.9,0.0,0.0,5.0,4.17,19.8,True,0.0,warleson,warleson,cercle brugge,1996,1996,1700000,477460,1996-08-31,29,first+last+birth_year
wilfried kanga,ci CIV,FW,Gent,0.0,1998,9.9,3,3,3.4,0.9,24,11,150,198,75.76,2,1,3,0,,,,,,,,,,,,,,,,,,,,,,,,,,,,False,0.0,wilfried kanga,wilfried kanga,gent,1998,1998,2500000,395523,1998-02-21,27,first+last+birth_year
wilguens paugain,ht HAI,"DF,MF",Zulte Waregem,0.0,2001,7.5,0,0,0.3,0.0,3,0,252,331,76.13,21,14,5,16,,,,,,,,,,,,,,,,,,,,,,,,,,,,False,0.0,wilguens paugain,wilguens paugain,zulte waregem,2001,2001,450000,609691,2001-08-24,24,key+birth_year
william balikwisha,cd COD,"FW,MF",OH Leuven,0.0,1999,1.9,0,0,0.1,0.0,2,1,29,43,67.44,3,1,3,1,,,,,,,,,,,,,,,,,,,,,,,,,,,,False,0.0,william balikwisha,william balikwisha,oh leuven,1999,1999,900000,381968,1999-05-12,26,first+last+birth_year
wolke janssens,be BEL,DF,Sint-Truiden,0.0,1995,0.0,0,0,0.0,0.0,0,0,4,5,80.0,0,0,0,1,,,,,,,,,,,,,,,,,,,,,,,,,,,,False,0.0,wolke janssens,wolke janssens,sint truiden,1995,1995,400000,235247,1995-01-11,30,first+last+birth_year
wouter george,be BEL,MF,OH Leuven,0.0,2002,2.5,0,1,0.0,0.3,2,0,53,75,70.67,7,3,3,2,,,,,,,,,,,,,,,,,,,,,,,,,,,,False,0.0,wouter george,wouter george,oh leuven,2002,2002,700000,551932,2002-03-03,23,first+last+birth_year
yaimar medina,ec ECU,"DF,FW",Genk,0.0,2004,2.3,0,1,0.6,0.5,9,5,144,181,79.56,1,1,2,0,,,,,,,,,,,,,,,,,,,,,,,,,,,,False,0.0,yaimar medina,yaimar medina,genk,2004,2004,3500000,893659,2004-11-05,20,first+last+birth_year
yannick cappelle,be BEL,DF,Zulte Waregem,0.0,2003,10.6,1,1,0.6,0.3,4,1,433,553,78.3,21,15,16,2,,,,,,,,,,,,,,,,,,,,,,,,,,,,False,0.0,yannick cappelle,yannick cappelle,zulte waregem,2003,2003,500000,583901,2003-07-07,22,key+birth_year
yannick thoelen,be BEL,GK,Antwerp,0.0,1990,5.0,0,0,0.0,0.0,0,0,119,177,67.23,0,0,0,0,7.0,1.4,28.0,21.0,75.0,1.0,20.0,0.0,0.0,0.0,0.0,6.8,0.24,-0.2,-0.05,29.0,87.0,33.3,142.0,28.0,43.7,36.2,2.0,2.7,5.0,1.0,13.9,True,0.0,yannick thoelen,yannick thoelen,antwerp,1990,1990,200000,64246,1990-07-18,35,first+last+birth_year
yari verschaeren,be BEL,"FW,MF",Anderlecht,0.0,2001,4.3,0,0,1.0,0.1,8,3,134,167,80.24,7,5,6,0,,,,,,,,,,,,,,,,,,,,,,,,,,,,False,0.0,yari verschaeren,yari verschaeren,anderlecht,2001,2001,4000000,502302,2001-07-12,24,first+last+birth_year
yassine khalifi,ma MAR,"MF,FW",Charleroi,0.0,2005,0.5,0,0,0.1,0.2,1,0,44,51,86.27,1,1,0,3,,,,,,,,,,,,,,,,,,,,,,,,,,,,False,0.0,yassine khalifi,yassine khalifi,charleroi,2005,2005,200000,869462,2005-08-09,20,first+last+birth_year
yassine titraoui,dz ALG,MF,Charleroi,0.0,2003,9.0,1,0,0.5,0.4,13,8,332,406,81.77,13,9,10,12,,,,,,,,,,,,,,,,,,,,,,,,,,,,False,0.0,yassine titraoui,yassine titraoui,charleroi,2003,2003,5000000,748445,2003-07-26,22,first+last+birth_year
yira sor,ng NGA,"FW,MF",Genk,0.0,2000,2.5,0,1,0.8,0.6,7,2,64,86,74.42,2,1,2,0,,,,,,,,,,,,,,,,,,,,,,,,,,,,False,0.0,yira sor,yira sor,genk,2000,2000,4000000,673382,2000-07-24,25,first+last+birth_year
yllan okou,fr FRA,DF,La Louvière,0.0,2002,5.1,0,0,0.2,0.0,2,0,145,198,73.23,3,2,7,5,,,,,,,,,,,,,,,,,,,,,,,,,,,,False,0.0,yllan okou,yllan okou,la louviere,2002,2002,800000,745202,2002-12-23,22,first+last+birth_year
youssef hamdaoui,be BEL,MF,Antwerp,0.0,2008,1.4,0,0,0.2,0.0,4,0,39,61,63.93,7,3,1,1,,,,,,,,,,,,,,,,,,,,,,,,,,,,False,0.0,youssef hamdaoui,youssef hamdaoui,antwerp,2008,2008,250000,1112904,2008-03-20,17,first+last+birth_year
youssef maziz,fr FRA,"MF,FW",OH Leuven,0.0,1998,4.0,2,0,0.6,1.0,12,3,121,158,76.58,3,2,2,2,,,,,,,,,,,,,,,,,,,,,,,,,,,,False,0.0,youssef maziz,youssef maziz,oh leuven,1998,1998,1000000,481116,1998-06-24,27,first+last+birth_year
yuto tsunashima,jp JPN,DF,Antwerp,0.0,2000,6.1,0,0,0.6,0.0,3,2,291,346,84.1,15,8,14,10,,,,,,,,,,,,,,,,,,,,,,,,,,,,False,0.0,yuto tsunashima,yuto tsunashima,antwerp,2000,2000,750000,1030663,2000-08-15,25,first+last+birth_year
zaid romero,ar ARG,DF,Club Brugge,0.0,1999,0.6,0,0,0.0,0.0,1,1,44,47,93.62,0,0,0,0,,,,,,,,,,,,,,,,,,,,,,,,,,,,False,0.0,zaid romero,zaid romero,club brugge,1999,1999,2500000,741142,1999-12-15,25,first+last+birth_year
zakaria el ouahdi,ma MAR,DF,Genk,0.0,2001,8.6,4,1,1.4,1.6,17,7,354,407,86.98,10,4,9,9,,,,,,,,,,,,,,,,,,,,,,,,,,,,False,0.0,zakaria el ouahdi,zakaria ouahdi,genk,2001,2001,15000000,820474,2001-12-31,23,first+last+birth_year
zan rogelj,si SVN,"FW,DF",Charleroi,0.0,1999,1.7,0,0,0.0,0.1,0,0,31,43,72.09,2,1,2,0,,,,,,,,,,,,,,,,,,,,,,,,,,,,False,0.0,zan rogelj,zan rogelj,charleroi,1999,1999,,,nan,,
zeno van den bosch,be BEL,DF,Antwerp,0.0,2003,10.9,0,0,0.4,0.6,5,3,528,637,82.89,16,11,21,16,,,,,,,,,,,,,,,,,,,,,,,,,,,,False,0.0,zeno van den bosch,zeno bosch,antwerp,2003,2003,10000000,738774,2003-07-06,22,first+last+birth_year
